question_id,sub_question_id,skill,question_type,content,question,options,answer,cefr_level,cognitive_skill,predicted_level,level_change_reason,qc_label,metric_flags,predicted_cognitive_skill,cognitive_skill_reason,accuracy_pct,grammar_errors,clarity_score,completeness_score,construction_flags,fairness_flags,fairness_qc_reason,final_decision,final_decision_reason
c10f8ff1-c6c0-49c1-bc6c-2380c00898d2,3e1e6881-3ed6-4290-9208-cd91dde62e57,reading,true_false,"I work as a licensed tidal-flats salvage shipwright in the Bay of Fundy, a region renowned for extreme tides and broad muddy flats. On most contracts I lead a three-man crew that specialises in prising up barnacled wooden and steel hulks that have been abandoned or wrecked on the flats. The work is highly time-sensitive; our operations must be scheduled around two-hour mid-tide windows when the water depth is sufficient for safe lifting yet short enough to avoid being stranded. This narrow timing imposes constant pressure on planning, equipment readiness and crew coordination.

Our single piece of heavy equipment is an ageing crane-barge, which is often the limiting factor in how quickly and how safely we can remove a wreck. Although the crane has been repeatedly repaired and recertified, its lifting capacity and reliability are constrained compared with modern units. Consequently, we must adapt our methods: employing slings, lifting frames and hydraulic jacks to distribute loads, and performing much of the preparatory work by hand before the tide reaches usable depth. Barnacles, silt and structural weakness in old wooden planking complicate attachment points, while steel hulks commonly require cutting and patching before hoisting. The mud itself is also a practical problem, as dense silt can immobilise equipment and personnel if a window is misjudged.

Administrative obligations shape every decision we take. Most of our operations are conducted under municipal salvage contracts, which typically specify completion schedules, budget limits and documentation requirements. In addition, spill-response permits demand that we have containment booms, absorbent materials and a response plan on site before any lifting begins, since disturbance of a derelict vessel can release fuel or hazardous residues. Insurers add another layer of complexity: policies often require a substantial deductible to be paid before coverage applies, and certain risk items may be excluded unless additional endorsements are purchased. These financial and bureaucratic constraints can delay mobilising equipment or increase the out-of-pocket cost to the contracting authority, and thus influence whether a salvage is feasible within the available mid-tide windows.

Environmental concerns are never far from the surface. Disturbing a wreck may spread contaminants into eelgrass beds or the feeding grounds of migratory birds, and the heavy work can compress sediment and alter local drainage patterns. We routinely assess the site for sensitive habitat and time some activities to avoid peak migration periods, although municipal urgency or insurance limitations occasionally necessitate trade-offs. Seasonal ice closures are another environmental and operational factor: from late autumn to early spring, ice formation and shorefast conditions often make the flats inaccessible to our barge, which means derelict vessels remain exposed to weather and ice damage for longer. Such delays tend to accelerate structural decay and increase the eventual salvage difficulty and environmental risk.

Safety is integral to our practice, given the confined working windows and the hazards of tidal flats. We maintain rigorous checklists, conduct pre-shift briefings and carry redundant communications equipment to avoid being cut off by a rising tide. Logistical strategies include pre-staging pumps, temporary patches and booms on shore so they can be deployed immediately, and training the crew in both salvage techniques and spill containment. When feasible, we negotiate with municipalities to secure slightly longer access periods or additional local assistance, because even modest extensions can reduce risky improvisation and the likelihood of equipment failure.

Balancing operational effectiveness, legal obligations and environmental stewardship requires constant judgement and, often, compromise. Although the work can be physically demanding and administratively frustrating, there are practical measures that mitigate risk: improved coordination between municipal authorities and insurers, modest investment in more reliable lifting gear, and clearer protocols for priority cases could all help. Until such changes are widespread, salvage shipwrights on the Bay of Fundy will continue to conduct brief, carefully choreographed lifts-working within two-hour mid-tide windows, constrained by permits, deductibles and seasonal ice-while endeavouring to protect the coastal environment.",The salvage team's operations are chiefly limited by the short two-hour mid-tide intervals when water depth permits safe lifting.,True|False|Not Given,TRUE,B2,comprehension,B2,No change -- confirmed B2: The question requires understanding specific technical details and complex sentence structures involving specialized vocabulary like 'chiefly limited' and 'mid-tide intervals'.,FLAG,none,comprehension,The question requires connecting the stated environmental facts about extreme tides and muddy flats to the operational constraints of the salvage team.,-1,-1,-1,-1,none,none,pass,REJECT,REJECT -- content: accuracy could not be determined; grammar score could not be determined; clarity could not be determined; completeness could not be determined
c10f8ff1-c6c0-49c1-bc6c-2380c00898d2,3b30465e-20f3-4db0-bbad-4d8d04ac4b37,reading,true_false,"I work as a licensed tidal-flats salvage shipwright in the Bay of Fundy, a region renowned for extreme tides and broad muddy flats. On most contracts I lead a three-man crew that specialises in prising up barnacled wooden and steel hulks that have been abandoned or wrecked on the flats. The work is highly time-sensitive; our operations must be scheduled around two-hour mid-tide windows when the water depth is sufficient for safe lifting yet short enough to avoid being stranded. This narrow timing imposes constant pressure on planning, equipment readiness and crew coordination.

Our single piece of heavy equipment is an ageing crane-barge, which is often the limiting factor in how quickly and how safely we can remove a wreck. Although the crane has been repeatedly repaired and recertified, its lifting capacity and reliability are constrained compared with modern units. Consequently, we must adapt our methods: employing slings, lifting frames and hydraulic jacks to distribute loads, and performing much of the preparatory work by hand before the tide reaches usable depth. Barnacles, silt and structural weakness in old wooden planking complicate attachment points, while steel hulks commonly require cutting and patching before hoisting. The mud itself is also a practical problem, as dense silt can immobilise equipment and personnel if a window is misjudged.

Administrative obligations shape every decision we take. Most of our operations are conducted under municipal salvage contracts, which typically specify completion schedules, budget limits and documentation requirements. In addition, spill-response permits demand that we have containment booms, absorbent materials and a response plan on site before any lifting begins, since disturbance of a derelict vessel can release fuel or hazardous residues. Insurers add another layer of complexity: policies often require a substantial deductible to be paid before coverage applies, and certain risk items may be excluded unless additional endorsements are purchased. These financial and bureaucratic constraints can delay mobilising equipment or increase the out-of-pocket cost to the contracting authority, and thus influence whether a salvage is feasible within the available mid-tide windows.

Environmental concerns are never far from the surface. Disturbing a wreck may spread contaminants into eelgrass beds or the feeding grounds of migratory birds, and the heavy work can compress sediment and alter local drainage patterns. We routinely assess the site for sensitive habitat and time some activities to avoid peak migration periods, although municipal urgency or insurance limitations occasionally necessitate trade-offs. Seasonal ice closures are another environmental and operational factor: from late autumn to early spring, ice formation and shorefast conditions often make the flats inaccessible to our barge, which means derelict vessels remain exposed to weather and ice damage for longer. Such delays tend to accelerate structural decay and increase the eventual salvage difficulty and environmental risk.

Safety is integral to our practice, given the confined working windows and the hazards of tidal flats. We maintain rigorous checklists, conduct pre-shift briefings and carry redundant communications equipment to avoid being cut off by a rising tide. Logistical strategies include pre-staging pumps, temporary patches and booms on shore so they can be deployed immediately, and training the crew in both salvage techniques and spill containment. When feasible, we negotiate with municipalities to secure slightly longer access periods or additional local assistance, because even modest extensions can reduce risky improvisation and the likelihood of equipment failure.

Balancing operational effectiveness, legal obligations and environmental stewardship requires constant judgement and, often, compromise. Although the work can be physically demanding and administratively frustrating, there are practical measures that mitigate risk: improved coordination between municipal authorities and insurers, modest investment in more reliable lifting gear, and clearer protocols for priority cases could all help. Until such changes are widespread, salvage shipwrights on the Bay of Fundy will continue to conduct brief, carefully choreographed lifts-working within two-hour mid-tide windows, constrained by permits, deductibles and seasonal ice-while endeavouring to protect the coastal environment.",Local municipal salvage contracts typically pay for any extra insurance endorsements needed to cover excluded risks.,True|False|Not Given,NOT GIVEN,B2,recall,B2,"No change -- confirmed B2: The text uses specialized maritime vocabulary and the question requires the ability to distinguish between provided information and absent information within a formal, technical context.",FLAG,none,recall,"The question asks for specific information regarding municipal contracts and insurance endorsements that is not mentioned in the text, requiring a verbatim lookup to confirm the information's absence.",-1,-1,-1,-1,none,none,pass,REJECT,REJECT -- content: accuracy could not be determined; grammar score could not be determined; clarity could not be determined; completeness could not be determined
c10f8ff1-c6c0-49c1-bc6c-2380c00898d2,6ced67d9-3748-42bc-8272-7a062b1a3166,reading,fill_up,"I work as a licensed tidal-flats salvage shipwright in the Bay of Fundy, a region renowned for extreme tides and broad muddy flats. On most contracts I lead a three-man crew that specialises in prising up barnacled wooden and steel hulks that have been abandoned or wrecked on the flats. The work is highly time-sensitive; our operations must be scheduled around two-hour mid-tide windows when the water depth is sufficient for safe lifting yet short enough to avoid being stranded. This narrow timing imposes constant pressure on planning, equipment readiness and crew coordination.

Our single piece of heavy equipment is an ageing crane-barge, which is often the limiting factor in how quickly and how safely we can remove a wreck. Although the crane has been repeatedly repaired and recertified, its lifting capacity and reliability are constrained compared with modern units. Consequently, we must adapt our methods: employing slings, lifting frames and hydraulic jacks to distribute loads, and performing much of the preparatory work by hand before the tide reaches usable depth. Barnacles, silt and structural weakness in old wooden planking complicate attachment points, while steel hulks commonly require cutting and patching before hoisting. The mud itself is also a practical problem, as dense silt can immobilise equipment and personnel if a window is misjudged.

Administrative obligations shape every decision we take. Most of our operations are conducted under municipal salvage contracts, which typically specify completion schedules, budget limits and documentation requirements. In addition, spill-response permits demand that we have containment booms, absorbent materials and a response plan on site before any lifting begins, since disturbance of a derelict vessel can release fuel or hazardous residues. Insurers add another layer of complexity: policies often require a substantial deductible to be paid before coverage applies, and certain risk items may be excluded unless additional endorsements are purchased. These financial and bureaucratic constraints can delay mobilising equipment or increase the out-of-pocket cost to the contracting authority, and thus influence whether a salvage is feasible within the available mid-tide windows.

Environmental concerns are never far from the surface. Disturbing a wreck may spread contaminants into eelgrass beds or the feeding grounds of migratory birds, and the heavy work can compress sediment and alter local drainage patterns. We routinely assess the site for sensitive habitat and time some activities to avoid peak migration periods, although municipal urgency or insurance limitations occasionally necessitate trade-offs. Seasonal ice closures are another environmental and operational factor: from late autumn to early spring, ice formation and shorefast conditions often make the flats inaccessible to our barge, which means derelict vessels remain exposed to weather and ice damage for longer. Such delays tend to accelerate structural decay and increase the eventual salvage difficulty and environmental risk.

Safety is integral to our practice, given the confined working windows and the hazards of tidal flats. We maintain rigorous checklists, conduct pre-shift briefings and carry redundant communications equipment to avoid being cut off by a rising tide. Logistical strategies include pre-staging pumps, temporary patches and booms on shore so they can be deployed immediately, and training the crew in both salvage techniques and spill containment. When feasible, we negotiate with municipalities to secure slightly longer access periods or additional local assistance, because even modest extensions can reduce risky improvisation and the likelihood of equipment failure.

Balancing operational effectiveness, legal obligations and environmental stewardship requires constant judgement and, often, compromise. Although the work can be physically demanding and administratively frustrating, there are practical measures that mitigate risk: improved coordination between municipal authorities and insurers, modest investment in more reliable lifting gear, and clearer protocols for priority cases could all help. Until such changes are widespread, salvage shipwrights on the Bay of Fundy will continue to conduct brief, carefully choreographed lifts-working within two-hour mid-tide windows, constrained by permits, deductibles and seasonal ice-while endeavouring to protect the coastal environment.",Salvage work on the Bay of Fundy must fit into narrow ___ mid-tide windows because the crew rely on a single ageing ___ for heavy lifts; consequently much preparatory work is done ___ so the team can avoid being ___.,,two-hour; crane-barge; by hand; stranded,B2,inference,B2,"No change -- confirmed B2: The question employs complex sentence structures, including semicolons and subordinating conjunctions, alongside sophisticated vocabulary like 'consequently' and 'preparatory'.",FLAG,none,inference,"The question requires drawing unstated conclusions about the specific timing, equipment, and risks of the salvage work based on the context of extreme tides and muddy flats.",-1,-1,-1,-1,none,none,pass,REJECT,REJECT -- content: accuracy could not be determined; grammar score could not be determined; clarity could not be determined; completeness could not be determined
c10f8ff1-c6c0-49c1-bc6c-2380c00898d2,4f9e441c-44fe-41ce-99ae-d01cb5d52a83,reading,fill_up,"I work as a licensed tidal-flats salvage shipwright in the Bay of Fundy, a region renowned for extreme tides and broad muddy flats. On most contracts I lead a three-man crew that specialises in prising up barnacled wooden and steel hulks that have been abandoned or wrecked on the flats. The work is highly time-sensitive; our operations must be scheduled around two-hour mid-tide windows when the water depth is sufficient for safe lifting yet short enough to avoid being stranded. This narrow timing imposes constant pressure on planning, equipment readiness and crew coordination.

Our single piece of heavy equipment is an ageing crane-barge, which is often the limiting factor in how quickly and how safely we can remove a wreck. Although the crane has been repeatedly repaired and recertified, its lifting capacity and reliability are constrained compared with modern units. Consequently, we must adapt our methods: employing slings, lifting frames and hydraulic jacks to distribute loads, and performing much of the preparatory work by hand before the tide reaches usable depth. Barnacles, silt and structural weakness in old wooden planking complicate attachment points, while steel hulks commonly require cutting and patching before hoisting. The mud itself is also a practical problem, as dense silt can immobilise equipment and personnel if a window is misjudged.

Administrative obligations shape every decision we take. Most of our operations are conducted under municipal salvage contracts, which typically specify completion schedules, budget limits and documentation requirements. In addition, spill-response permits demand that we have containment booms, absorbent materials and a response plan on site before any lifting begins, since disturbance of a derelict vessel can release fuel or hazardous residues. Insurers add another layer of complexity: policies often require a substantial deductible to be paid before coverage applies, and certain risk items may be excluded unless additional endorsements are purchased. These financial and bureaucratic constraints can delay mobilising equipment or increase the out-of-pocket cost to the contracting authority, and thus influence whether a salvage is feasible within the available mid-tide windows.

Environmental concerns are never far from the surface. Disturbing a wreck may spread contaminants into eelgrass beds or the feeding grounds of migratory birds, and the heavy work can compress sediment and alter local drainage patterns. We routinely assess the site for sensitive habitat and time some activities to avoid peak migration periods, although municipal urgency or insurance limitations occasionally necessitate trade-offs. Seasonal ice closures are another environmental and operational factor: from late autumn to early spring, ice formation and shorefast conditions often make the flats inaccessible to our barge, which means derelict vessels remain exposed to weather and ice damage for longer. Such delays tend to accelerate structural decay and increase the eventual salvage difficulty and environmental risk.

Safety is integral to our practice, given the confined working windows and the hazards of tidal flats. We maintain rigorous checklists, conduct pre-shift briefings and carry redundant communications equipment to avoid being cut off by a rising tide. Logistical strategies include pre-staging pumps, temporary patches and booms on shore so they can be deployed immediately, and training the crew in both salvage techniques and spill containment. When feasible, we negotiate with municipalities to secure slightly longer access periods or additional local assistance, because even modest extensions can reduce risky improvisation and the likelihood of equipment failure.

Balancing operational effectiveness, legal obligations and environmental stewardship requires constant judgement and, often, compromise. Although the work can be physically demanding and administratively frustrating, there are practical measures that mitigate risk: improved coordination between municipal authorities and insurers, modest investment in more reliable lifting gear, and clearer protocols for priority cases could all help. Until such changes are widespread, salvage shipwrights on the Bay of Fundy will continue to conduct brief, carefully choreographed lifts-working within two-hour mid-tide windows, constrained by permits, deductibles and seasonal ice-while endeavouring to protect the coastal environment.","Environmental and seasonal factors complicate salvage: the passage warns that ___ from late autumn to early spring can produce ___ conditions that render the flats ___ to the barge, leaving wrecks exposed and accelerating structural ___.",,ice closures; shorefast; inaccessible; decay,B2,vocabulary,C1,"Changed from B2 to C1: The question requires synthesizing complex information and using sophisticated, specific vocabulary to complete a summary of a technical subject.",FLAG,none,inference,"The question requires drawing an unstated conclusion about how seasonal changes affect salvage operations, whereas the 'vocabulary' label is specifically defined as determining the meaning of a word.",100,0,-1,-1,none,requires_specialist_knowledge,requires_specialist_knowledge,REJECT,REJECT -- content: clarity could not be determined; completeness could not be determined; fairness: requires_specialist_knowledge
c10f8ff1-c6c0-49c1-bc6c-2380c00898d2,d0481ac7-d430-458b-9065-0f72c6fc16d7,reading,fill_up,"I work as a licensed tidal-flats salvage shipwright in the Bay of Fundy, a region renowned for extreme tides and broad muddy flats. On most contracts I lead a three-man crew that specialises in prising up barnacled wooden and steel hulks that have been abandoned or wrecked on the flats. The work is highly time-sensitive; our operations must be scheduled around two-hour mid-tide windows when the water depth is sufficient for safe lifting yet short enough to avoid being stranded. This narrow timing imposes constant pressure on planning, equipment readiness and crew coordination.

Our single piece of heavy equipment is an ageing crane-barge, which is often the limiting factor in how quickly and how safely we can remove a wreck. Although the crane has been repeatedly repaired and recertified, its lifting capacity and reliability are constrained compared with modern units. Consequently, we must adapt our methods: employing slings, lifting frames and hydraulic jacks to distribute loads, and performing much of the preparatory work by hand before the tide reaches usable depth. Barnacles, silt and structural weakness in old wooden planking complicate attachment points, while steel hulks commonly require cutting and patching before hoisting. The mud itself is also a practical problem, as dense silt can immobilise equipment and personnel if a window is misjudged.

Administrative obligations shape every decision we take. Most of our operations are conducted under municipal salvage contracts, which typically specify completion schedules, budget limits and documentation requirements. In addition, spill-response permits demand that we have containment booms, absorbent materials and a response plan on site before any lifting begins, since disturbance of a derelict vessel can release fuel or hazardous residues. Insurers add another layer of complexity: policies often require a substantial deductible to be paid before coverage applies, and certain risk items may be excluded unless additional endorsements are purchased. These financial and bureaucratic constraints can delay mobilising equipment or increase the out-of-pocket cost to the contracting authority, and thus influence whether a salvage is feasible within the available mid-tide windows.

Environmental concerns are never far from the surface. Disturbing a wreck may spread contaminants into eelgrass beds or the feeding grounds of migratory birds, and the heavy work can compress sediment and alter local drainage patterns. We routinely assess the site for sensitive habitat and time some activities to avoid peak migration periods, although municipal urgency or insurance limitations occasionally necessitate trade-offs. Seasonal ice closures are another environmental and operational factor: from late autumn to early spring, ice formation and shorefast conditions often make the flats inaccessible to our barge, which means derelict vessels remain exposed to weather and ice damage for longer. Such delays tend to accelerate structural decay and increase the eventual salvage difficulty and environmental risk.

Safety is integral to our practice, given the confined working windows and the hazards of tidal flats. We maintain rigorous checklists, conduct pre-shift briefings and carry redundant communications equipment to avoid being cut off by a rising tide. Logistical strategies include pre-staging pumps, temporary patches and booms on shore so they can be deployed immediately, and training the crew in both salvage techniques and spill containment. When feasible, we negotiate with municipalities to secure slightly longer access periods or additional local assistance, because even modest extensions can reduce risky improvisation and the likelihood of equipment failure.

Balancing operational effectiveness, legal obligations and environmental stewardship requires constant judgement and, often, compromise. Although the work can be physically demanding and administratively frustrating, there are practical measures that mitigate risk: improved coordination between municipal authorities and insurers, modest investment in more reliable lifting gear, and clearer protocols for priority cases could all help. Until such changes are widespread, salvage shipwrights on the Bay of Fundy will continue to conduct brief, carefully choreographed lifts-working within two-hour mid-tide windows, constrained by permits, deductibles and seasonal ice-while endeavouring to protect the coastal environment.","Administrative rules affect feasibility: municipal contracts set schedules and budgets, while spill-response permits require ___ and ___ on site before lifting; insurers frequently demand a ___ and may require ___ to cover excluded risks.",,containment booms; absorbent materials; substantial deductible; additional endorsements,B2,comprehension,C1,"Changed from B2 to C1: The question requires understanding highly specialized professional, legal, and technical vocabulary such as 'endorsements', 'deductible', and 'feasibility' within a complex sentence structure.",FLAG,none,comprehension,The question requires connecting specific administrative requirements (spill-response permits and insurance) to their corresponding necessary actions or items mentioned in the text.,-1,-1,-1,-1,none,requires_specialist_knowledge,requires_specialist_knowledge,REJECT,REJECT -- content: accuracy could not be determined; grammar score could not be determined; clarity could not be determined; completeness could not be determined; fairness: requires_specialist_knowledge
9adb5e30-58b4-4633-8833-6b6314d0c8a5,ac96f7f2-6ca9-412d-b21d-f462f93d2217,reading,match,"I lead a team that locates buried utilities in Philadelphia's older neighbourhoods, and the work is dominated by trade-offs between speed, accuracy and municipal limits. The nineteenth-century streets here contain a dense tangle of abandoned gas mains, telegraph ducts and sinkhole-prone voids, yet the city requires most non-emergency excavations to operate under 72-hour permit turnarounds. At the same time we must respect strict nighttime lane-closure curfews, adhere to a capped capital-program budget and reconcile our field findings with century-old blueprints that are often incomplete or inconsistent.

My primary tools are a truck-mounted ground-penetrating radar (GPR) array and electromagnetic (EM) locators, which I deploy together to compensate for each method's limitations. Truck-mounted GPR generates continuous subsurface profiles as we drive, and this real-time visualisation lets us detect layered soils, voids and changes in material density that could indicate sinkholes. Electromagnetic locators are more reliable for metal conduits and active or abandoned metal gas mains because they detect conductive targets by inducing and measuring electromagnetic fields. Each system is subject to environmental constraints: high soil conductivity, wet conditions and heavy pavement can reduce GPR penetration depth, whereas EM methods can be confused by multiple nearby metallic objects or grounding systems.

Reconciling patchy blueprints with in-field detections demands a structured workflow that prioritises rapid verification and clear documentation. We begin by digitising available blueprints and annotating areas of uncertainty, then overlay historical maps in our survey software. During a permitted work window we run systematic grids with the truck-mounted GPR and follow up anomalous returns with handheld EM locators and potholing where safety allows. The 72-hour permit requirement forces us to compress typical survey cycles into tight sequences: initial reconnaissance, targeted scanning, verification and reporting. To meet the deadline we adopt hedged decision rules - for instance, marking an apparent void as ""probable"" until corroborated by two independent sensing methods or by exposure.

Operational constraints beyond the permit deadline influence how we schedule and staff surveys. Nighttime lane-closure curfews generally begin around 22:00, so we plan heavy pavement scans for late afternoon or employ night shifts when the curfew is permissive. The capped capital budget compels us to prioritise locations with higher risk profiles, such as areas where older gas mains intersect known sinkhole corridors or where blueprints show conflicting duct alignments. Liaison with municipal permit offices and utility owners is essential: rapid approvals for night work or minor scope adjustments can mean the difference between a completed job and a return visit that doubles costs and delays downstream construction.

Concrete examples illustrate this approach. In one narrow cobblestone street, historical plans suggested a long-abandoned gas main nine metres deep; GPR anomalies at two adjacent passes indicated a shallow void above that line. Handheld EM detected no live metallic response, but small potholing confirmed a degraded brick gas main and an underlying void that likely caused prior pavement subsidence. In another case, telegraph ducts were mapped incorrectly by the blueprints; EM signals revealed conduits routed several metres east of their assumed position, allowing crews to reroute excavation and avoid service disruptions.

Given the complex environment and administrative limits, best practice is to combine sensing modalities, document uncertainty explicitly and sequence work to align with permit cycles and curfews. While technology can markedly reduce surprises, lingering uncertainties in old records and unpredictable subsurface conditions mean that cautious, evidence-based decisions are still the most reliable way to protect public safety, limit unexpected costs and satisfy Philadelphia's demanding permit timelines.","{""title"": ""Match the following statements to the correct paragraph"", ""questions"": [""A. Because lane-closure curfews generally begin at about 22:00, the team schedules heavy pavement scans for late afternoon or arranges night shifts when approvals allow."", ""B. The text states that high soil conductivity, wet ground or heavy pavement can reduce the penetration depth of truck-mounted ground-penetrating radar."", ""C. It explains that the 72-hour permit requirement compresses survey stages into tight sequences and that an apparent void is marked as ""probable"" until confirmed by two independent sensing methods or by exposure.""]}","Paragraph 3: Reconciling patchy blueprints with in-field detections demands a structured workflow that prioritises rapid verification...|Paragraph 1: I lead a team that locates buried utilities in Philadelphia's older neighbourhoods, and the work is dominated by trade-o...|Paragraph 4: Operational constraints beyond the permit deadline influence how we schedule and staff surveys. Nighttime lane-closure c...|Paragraph 2: My primary tools are a truck-mounted ground-penetrating radar (GPR) array and electromagnetic (EM) locators, which I dep...",Statement 1->4; Statement 2->2; Statement 3->3,B2,comprehension,C1,"Changed from B2 to C1: The text uses specialized technical vocabulary and complex sentence structures, requiring the reader to distinguish between nuanced details across multiple paragraphs.",FLAG,missing_end_punctuation,comprehension,"The task requires matching paraphrased statements to the correct paragraphs by understanding the underlying meaning and connecting the facts presented, which aligns with the definition of comprehension.",100,-1,-1,-1,none,none,pass,REJECT,REJECT -- content: grammar score could not be determined; clarity could not be determined; completeness could not be determined; rule flags: missing_end_punctuation
9adb5e30-58b4-4633-8833-6b6314d0c8a5,fe3ac19a-c3b7-4599-bf57-8aa1f02003f5,reading,mcq,"I lead a team that locates buried utilities in Philadelphia's older neighbourhoods, and the work is dominated by trade-offs between speed, accuracy and municipal limits. The nineteenth-century streets here contain a dense tangle of abandoned gas mains, telegraph ducts and sinkhole-prone voids, yet the city requires most non-emergency excavations to operate under 72-hour permit turnarounds. At the same time we must respect strict nighttime lane-closure curfews, adhere to a capped capital-program budget and reconcile our field findings with century-old blueprints that are often incomplete or inconsistent.

My primary tools are a truck-mounted ground-penetrating radar (GPR) array and electromagnetic (EM) locators, which I deploy together to compensate for each method's limitations. Truck-mounted GPR generates continuous subsurface profiles as we drive, and this real-time visualisation lets us detect layered soils, voids and changes in material density that could indicate sinkholes. Electromagnetic locators are more reliable for metal conduits and active or abandoned metal gas mains because they detect conductive targets by inducing and measuring electromagnetic fields. Each system is subject to environmental constraints: high soil conductivity, wet conditions and heavy pavement can reduce GPR penetration depth, whereas EM methods can be confused by multiple nearby metallic objects or grounding systems.

Reconciling patchy blueprints with in-field detections demands a structured workflow that prioritises rapid verification and clear documentation. We begin by digitising available blueprints and annotating areas of uncertainty, then overlay historical maps in our survey software. During a permitted work window we run systematic grids with the truck-mounted GPR and follow up anomalous returns with handheld EM locators and potholing where safety allows. The 72-hour permit requirement forces us to compress typical survey cycles into tight sequences: initial reconnaissance, targeted scanning, verification and reporting. To meet the deadline we adopt hedged decision rules - for instance, marking an apparent void as ""probable"" until corroborated by two independent sensing methods or by exposure.

Operational constraints beyond the permit deadline influence how we schedule and staff surveys. Nighttime lane-closure curfews generally begin around 22:00, so we plan heavy pavement scans for late afternoon or employ night shifts when the curfew is permissive. The capped capital budget compels us to prioritise locations with higher risk profiles, such as areas where older gas mains intersect known sinkhole corridors or where blueprints show conflicting duct alignments. Liaison with municipal permit offices and utility owners is essential: rapid approvals for night work or minor scope adjustments can mean the difference between a completed job and a return visit that doubles costs and delays downstream construction.

Concrete examples illustrate this approach. In one narrow cobblestone street, historical plans suggested a long-abandoned gas main nine metres deep; GPR anomalies at two adjacent passes indicated a shallow void above that line. Handheld EM detected no live metallic response, but small potholing confirmed a degraded brick gas main and an underlying void that likely caused prior pavement subsidence. In another case, telegraph ducts were mapped incorrectly by the blueprints; EM signals revealed conduits routed several metres east of their assumed position, allowing crews to reroute excavation and avoid service disruptions.

Given the complex environment and administrative limits, best practice is to combine sensing modalities, document uncertainty explicitly and sequence work to align with permit cycles and curfews. While technology can markedly reduce surprises, lingering uncertainties in old records and unpredictable subsurface conditions mean that cautious, evidence-based decisions are still the most reliable way to protect public safety, limit unexpected costs and satisfy Philadelphia's demanding permit timelines.","In the passage, what is the best meaning of the phrase 'hedged decision rules' as used by the author?",Cautious or conditional guidelines applied until further confirmation|Strict regulations imposed by municipal authorities|Quick judgments made to meet tight deadlines|Decisions publicly recorded to satisfy permit offices,Cautious or conditional guidelines applied until further confirmation,B2,vocabulary,C1,"Changed from B2 to C1: The question requires the reader to infer the nuanced, metaphorical meaning of a specific technical phrase within a complex professional context.",FLAG,none,vocabulary,"The question asks for the meaning of a specific phrase used in the text, which aligns with the definition of vocabulary.",-1,-1,-1,-1,weak_distractors,none,pass,REJECT,REJECT -- content: accuracy could not be determined; grammar score could not be determined; clarity could not be determined; completeness could not be determined; construction: weak_distractors
9adb5e30-58b4-4633-8833-6b6314d0c8a5,4ca3035d-8cc2-443d-884e-1732675b37d5,reading,mcq,"I lead a team that locates buried utilities in Philadelphia's older neighbourhoods, and the work is dominated by trade-offs between speed, accuracy and municipal limits. The nineteenth-century streets here contain a dense tangle of abandoned gas mains, telegraph ducts and sinkhole-prone voids, yet the city requires most non-emergency excavations to operate under 72-hour permit turnarounds. At the same time we must respect strict nighttime lane-closure curfews, adhere to a capped capital-program budget and reconcile our field findings with century-old blueprints that are often incomplete or inconsistent.

My primary tools are a truck-mounted ground-penetrating radar (GPR) array and electromagnetic (EM) locators, which I deploy together to compensate for each method's limitations. Truck-mounted GPR generates continuous subsurface profiles as we drive, and this real-time visualisation lets us detect layered soils, voids and changes in material density that could indicate sinkholes. Electromagnetic locators are more reliable for metal conduits and active or abandoned metal gas mains because they detect conductive targets by inducing and measuring electromagnetic fields. Each system is subject to environmental constraints: high soil conductivity, wet conditions and heavy pavement can reduce GPR penetration depth, whereas EM methods can be confused by multiple nearby metallic objects or grounding systems.

Reconciling patchy blueprints with in-field detections demands a structured workflow that prioritises rapid verification and clear documentation. We begin by digitising available blueprints and annotating areas of uncertainty, then overlay historical maps in our survey software. During a permitted work window we run systematic grids with the truck-mounted GPR and follow up anomalous returns with handheld EM locators and potholing where safety allows. The 72-hour permit requirement forces us to compress typical survey cycles into tight sequences: initial reconnaissance, targeted scanning, verification and reporting. To meet the deadline we adopt hedged decision rules - for instance, marking an apparent void as ""probable"" until corroborated by two independent sensing methods or by exposure.

Operational constraints beyond the permit deadline influence how we schedule and staff surveys. Nighttime lane-closure curfews generally begin around 22:00, so we plan heavy pavement scans for late afternoon or employ night shifts when the curfew is permissive. The capped capital budget compels us to prioritise locations with higher risk profiles, such as areas where older gas mains intersect known sinkhole corridors or where blueprints show conflicting duct alignments. Liaison with municipal permit offices and utility owners is essential: rapid approvals for night work or minor scope adjustments can mean the difference between a completed job and a return visit that doubles costs and delays downstream construction.

Concrete examples illustrate this approach. In one narrow cobblestone street, historical plans suggested a long-abandoned gas main nine metres deep; GPR anomalies at two adjacent passes indicated a shallow void above that line. Handheld EM detected no live metallic response, but small potholing confirmed a degraded brick gas main and an underlying void that likely caused prior pavement subsidence. In another case, telegraph ducts were mapped incorrectly by the blueprints; EM signals revealed conduits routed several metres east of their assumed position, allowing crews to reroute excavation and avoid service disruptions.

Given the complex environment and administrative limits, best practice is to combine sensing modalities, document uncertainty explicitly and sequence work to align with permit cycles and curfews. While technology can markedly reduce surprises, lingering uncertainties in old records and unpredictable subsurface conditions mean that cautious, evidence-based decisions are still the most reliable way to protect public safety, limit unexpected costs and satisfy Philadelphia's demanding permit timelines.",Which environmental factor is identified in the text as reducing the penetration depth of truck-mounted ground-penetrating radar?,The presence of multiple nearby metallic objects|Heavy pavement covering the survey area|Nighttime lane-closure curfews imposed by the city|Incomplete or conflicting historical blueprints,Heavy pavement covering the survey area,B2,comprehension,C1,"Changed from B2 to C1: The question employs specialized technical terminology and requires the reader to identify a specific, nuanced detail within a complex professional context.",FLAG,none,comprehension,"The question requires identifying a specific cause-and-effect relationship (the environmental factor that reduces radar penetration), which involves connecting stated facts.",0,0,2,1,weak_distractors,none,pass,REJECT,REJECT -- content: accuracy below target (0 < 90); clarity below target (2 < 4); completeness below target (1 < 4); construction: weak_distractors
4fff3f3c-fc4e-421a-a87c-9ca5b9ffa773,42521fce-1339-40ee-942a-2a686b79bf8e,reading,match,"I work as a municipal night-market waste auditor in Bangkok and I visit three busy markets during three evening shifts each week. Each shift lasts four hours because my permit limits my time. My job is to help seafood and dumpling stalls reduce spoilage and food waste using low-tech methods. I also run a small micro-compost pilot for vegetable scraps from dumpling stalls. The goal is simple: keep food safe, reduce waste, and work with vendors and informal recyclers who already collect materials here.

Keeping seafood cool is the most important part of my work, because a broken cold chain causes spoilage. The cold chain means keeping food at safe temperatures from the seller to the buyer, and it does not need to be complicated. With a $250 monthly toolbox budget I buy basic items: an insulated box, reusable ice packs, a cheap digital thermometer, plastic crates, and labels. I place ice packs in the insulated box and store fish on drained trays so melted water does not touch the food. I teach vendors to check the thermometer often and rotate stock so older fish sells first. These are simple hacks, but they reduce spoilage and keep customers safe.

I also run a micro-compost pilot to handle dumpling scraps. Compost is the natural breakdown of food into soil-like material, useful for gardens. My pilot uses small aerobic bins that need air and a balance of green scraps (vegetables) and brown materials (sawdust or dry leaves). Dumpling stalls produce many vegetable trimmings and white steam-water that we drain before composting. We add dry material to control smell and flies. After a few weeks the compost becomes a dark crumbly product that can help community gardens or be used by nearby vendors for decorative plants. The pilot shows that even tiny compost systems can handle regular kitchen scraps from a few stalls.

Building trust with vendors and informal recyclers is a constant challenge. Informal recyclers are people who collect recyclable items without formal contracts; they often have their own network and income from selling materials. Some vendors fear new rules, so I offer quick demonstrations and share ice packs or crates to show benefits. I also negotiate collection times so recyclers do not take compostable material that we need for the pilot. With clear signs, short training, and a small cost-sharing plan, many vendors agree to try the changes for a few weeks.

Time and money are limited, but low-tech solutions can work in crowded night markets. By focusing on temperature checks, simple storage, and a small compost system, I help stalls reduce spoilage and waste. Small improvements, repeated over time, can create a more circular food economy in the markets of Bangkok.","{""title"": ""Match the following statements to the correct paragraph"", ""questions"": [""A. The monthly budget for basic cold-chain tools is $250."", ""B. The micro-compost needs both vegetable 'green' scraps and brown materials such as sawdust."", ""C. Each evening work shift lasts four hours because of a permit limit.""]}","Paragraph 3: I also run a micro-compost pilot to handle dumpling scraps. Compost is the natural breakdown of food into soil-like mate...|Paragraph 1: I work as a municipal night-market waste auditor in Bangkok and I visit three busy markets during three evening shifts e...|Paragraph 5: Time and money are limited, but low-tech solutions can work in crowded night markets. By focusing on temperature checks,...|Paragraph 2: Keeping seafood cool is the most important part of my work, because a broken cold chain causes spoilage. The cold chain ...",Statement 1->2; Statement 2->3; Statement 3->1,B1,comprehension,B1,"No change -- confirmed B1: The question requires scanning a text to locate and match specific factual details, which is a characteristic reading skill for the B1 level.",FLAG,missing_end_punctuation,comprehension,"The task requires matching specific statements to their corresponding paragraphs, which involves connecting stated facts to their correct context within the text.",-1,-1,-1,-1,none,none,pass,REJECT,REJECT -- content: accuracy could not be determined; grammar score could not be determined; clarity could not be determined; completeness could not be determined; rule flags: missing_end_punctuation
4fff3f3c-fc4e-421a-a87c-9ca5b9ffa773,193f0c31-eb7b-4f03-8e92-4e5f82319d6d,reading,mcq,"I work as a municipal night-market waste auditor in Bangkok and I visit three busy markets during three evening shifts each week. Each shift lasts four hours because my permit limits my time. My job is to help seafood and dumpling stalls reduce spoilage and food waste using low-tech methods. I also run a small micro-compost pilot for vegetable scraps from dumpling stalls. The goal is simple: keep food safe, reduce waste, and work with vendors and informal recyclers who already collect materials here.

Keeping seafood cool is the most important part of my work, because a broken cold chain causes spoilage. The cold chain means keeping food at safe temperatures from the seller to the buyer, and it does not need to be complicated. With a $250 monthly toolbox budget I buy basic items: an insulated box, reusable ice packs, a cheap digital thermometer, plastic crates, and labels. I place ice packs in the insulated box and store fish on drained trays so melted water does not touch the food. I teach vendors to check the thermometer often and rotate stock so older fish sells first. These are simple hacks, but they reduce spoilage and keep customers safe.

I also run a micro-compost pilot to handle dumpling scraps. Compost is the natural breakdown of food into soil-like material, useful for gardens. My pilot uses small aerobic bins that need air and a balance of green scraps (vegetables) and brown materials (sawdust or dry leaves). Dumpling stalls produce many vegetable trimmings and white steam-water that we drain before composting. We add dry material to control smell and flies. After a few weeks the compost becomes a dark crumbly product that can help community gardens or be used by nearby vendors for decorative plants. The pilot shows that even tiny compost systems can handle regular kitchen scraps from a few stalls.

Building trust with vendors and informal recyclers is a constant challenge. Informal recyclers are people who collect recyclable items without formal contracts; they often have their own network and income from selling materials. Some vendors fear new rules, so I offer quick demonstrations and share ice packs or crates to show benefits. I also negotiate collection times so recyclers do not take compostable material that we need for the pilot. With clear signs, short training, and a small cost-sharing plan, many vendors agree to try the changes for a few weeks.

Time and money are limited, but low-tech solutions can work in crowded night markets. By focusing on temperature checks, simple storage, and a small compost system, I help stalls reduce spoilage and waste. Small improvements, repeated over time, can create a more circular food economy in the markets of Bangkok.","In this passage, the word 'spoilage' most nearly means:",food going bad or unsafe to eat|packing food to sell|selling food late at night|making new recipes for dumplings,food going bad or unsafe to eat,B1,vocabulary,B1,"No change -- confirmed B1: The text uses clear, standard language about a work topic, and the question requires inferring the meaning of a specific vocabulary word from its context.",FLAG,missing_end_punctuation,vocabulary,"The question asks for the meaning of the specific word 'spoilage', which directly corresponds to the definition of vocabulary provided.",-1,-1,2,-1,weak_distractors,none,pass,REJECT,REJECT -- content: accuracy could not be determined; grammar score could not be determined; clarity below target (2 < 4); completeness could not be determined; rule flags: missing_end_punctuation; construction: weak_distractors
4fff3f3c-fc4e-421a-a87c-9ca5b9ffa773,2487cc18-72d2-49e4-829a-2aa8c85f62c8,reading,mcq,"I work as a municipal night-market waste auditor in Bangkok and I visit three busy markets during three evening shifts each week. Each shift lasts four hours because my permit limits my time. My job is to help seafood and dumpling stalls reduce spoilage and food waste using low-tech methods. I also run a small micro-compost pilot for vegetable scraps from dumpling stalls. The goal is simple: keep food safe, reduce waste, and work with vendors and informal recyclers who already collect materials here.

Keeping seafood cool is the most important part of my work, because a broken cold chain causes spoilage. The cold chain means keeping food at safe temperatures from the seller to the buyer, and it does not need to be complicated. With a $250 monthly toolbox budget I buy basic items: an insulated box, reusable ice packs, a cheap digital thermometer, plastic crates, and labels. I place ice packs in the insulated box and store fish on drained trays so melted water does not touch the food. I teach vendors to check the thermometer often and rotate stock so older fish sells first. These are simple hacks, but they reduce spoilage and keep customers safe.

I also run a micro-compost pilot to handle dumpling scraps. Compost is the natural breakdown of food into soil-like material, useful for gardens. My pilot uses small aerobic bins that need air and a balance of green scraps (vegetables) and brown materials (sawdust or dry leaves). Dumpling stalls produce many vegetable trimmings and white steam-water that we drain before composting. We add dry material to control smell and flies. After a few weeks the compost becomes a dark crumbly product that can help community gardens or be used by nearby vendors for decorative plants. The pilot shows that even tiny compost systems can handle regular kitchen scraps from a few stalls.

Building trust with vendors and informal recyclers is a constant challenge. Informal recyclers are people who collect recyclable items without formal contracts; they often have their own network and income from selling materials. Some vendors fear new rules, so I offer quick demonstrations and share ice packs or crates to show benefits. I also negotiate collection times so recyclers do not take compostable material that we need for the pilot. With clear signs, short training, and a small cost-sharing plan, many vendors agree to try the changes for a few weeks.

Time and money are limited, but low-tech solutions can work in crowded night markets. By focusing on temperature checks, simple storage, and a small compost system, I help stalls reduce spoilage and waste. Small improvements, repeated over time, can create a more circular food economy in the markets of Bangkok.",Which outcome of the micro-compost pilot is mentioned in the passage?,"The bins produce dark, crumbly compost that can help community gardens|The pilot completely removes all food waste from the markets|The compost keeps seafood cold and prevents spoilage|The project replaces informal recyclers who collect materials","The bins produce dark, crumbly compost that can help community gardens",B1,comprehension,B1,"No change -- confirmed B1: The text uses specific work-related vocabulary and requires the reader to identify a specific detail from a clear, standard description of a job and project.",FLAG,none,comprehension,"The question asks for an outcome of the pilot, which requires understanding the relationship between the pilot's activity and its result rather than a simple verbatim word-for-word lookup.",-1,-1,-1,-1,none,none,pass,REJECT,REJECT -- content: accuracy could not be determined; grammar score could not be determined; clarity could not be determined; completeness could not be determined
57e0c6ec-2456-47b9-8bd1-2cf2887c680d,9852568c-a5b1-4080-aa3d-00dc6f3f8b55,reading,mcq,"Working nights as a recovery technician for a dockless e-bike fleet in New York City requires combining practical skills with regulatory awareness, since many calls involve swollen lithium-ion packs that present both fire and transport hazards. My van is configured for long routes after midnight, when pavement is clearer but urgency often increases: riders report bulging packs, visible deformation or unusual heat. I typically begin each shift by reviewing a prioritized manifest that flags suspected thermal events and clusters pick-ups to reduce driving time, because I am constrained by a ten-hour driver permit window and by strict DOT/UN3480 limits on transporting damaged cells.

Swollen lithium-ion batteries usually indicate internal gas formation caused by overcharging, overheating, mechanical damage or manufacturing defects, and they therefore demand careful triage. Visual inspection is the first step; however, batteries that look normal at a glance may still harbor hot spots or failing cells, so I routinely scan packs with a thermal imager before touching them. The imager helps to identify uneven temperature distributions and isolates assemblies where a single module is exceeding safe limits. I also check battery management system (BMS) telemetry when available, since elevated cell voltages, high internal resistance or erratic balancing behaviour often precede swelling and can influence whether a pack should be repaired in the field or transported as a damaged article.

My route-optimized van carries several pieces of specialised equipment because regulatory compliance and safety cannot be sacrificed for speed. An insulated hot-box is used to contain heat and, in the worst case, venting gases; it is constructed to limit thermal propagation and prevent external ignition sources from reaching the battery. Portable BMS rigs let me run controlled diagnostics or place packs into a safe, low-current state for transport. I also carry spill suppression materials, non-conductive tools and clear hazard labels, because under UN3480 guidance damaged lithium-ion batteries require approved packaging, documentation and emergency response information. Importantly, many jurisdictions and carriers limit the quantity of damaged batteries that can be carried on a single vehicle, so I have to ensure the load remains within permitted thresholds while still addressing priority incidents.

Route planning therefore becomes an exercise in constrained optimisation: I balance the urgency and thermal risk of each pick-up against the ten-hour driver window, the vehicle's capacity under DOT rules and the need to keep packs in a thermally stable environment. Clustering nearby calls reduces transit time and exposure, but if several swollen packs are reported in a small area I may need to stage one or two in a local, approved holding facility rather than exceed transport limits. Dynamic re-routing is also necessary when thermal imagers detect escalating temperatures during the shift; in such instances I may divert to the nearest safe transfer point or request a secondary vehicle to avoid overloading the hot-box.

Budgetary constraints further shape decisions about whether to repair on site, ferry parts back to the workshop or consign a pack for disposal. With a tight monthly parts budget, I tend to prioritise module-level repairs that restore serviceable capacity at lower cost, provided diagnostics with the BMS rig confirm that affected modules are isolated and that the remaining cells are stable. Conversely, packs showing systemic failures, repeated swelling or inconsistent BMS readings are usually retired, because the long-term risk and regulatory burden of transporting multiple suspect batteries can exceed the savings from piecemeal repairs.

Ultimately, safe night-shift recovery depends on an integrated approach that couples thermal detection, conservative triage and careful route logistics within legal transport limits. Continuous data logging, recurring training on UN3480 requirements and modest investments in predictive analytics for fault detection would likely reduce both safety incidents and operating costs, but in the meantime pragmatic field decisions and disciplined adherence to protocols remain essential to keep riders and crews safe.","According to the opening paragraph, what combination of abilities is essential for the night-shift recovery technician?",Extensive navigation skills and marketing knowledge|Practical technical skills and awareness of regulations|Financial management and customer negotiation skills|Manual repair ability and sales experience,Practical technical skills and awareness of regulations,B2,comprehension,B1,"Changed from B2 to B1: The question requires identifying a specific detail from a clear, standard text that uses moderately specialized but accessible professional vocabulary.",FLAG,none,comprehension,"The question asks to identify the specific combination of skills mentioned in the text, which requires connecting the stated facts about the job requirements.",-1,-1,-1,-1,none,none,pass,REJECT,REJECT -- content: accuracy could not be determined; grammar score could not be determined; clarity could not be determined; completeness could not be determined
57e0c6ec-2456-47b9-8bd1-2cf2887c680d,ec51d6f2-76af-4759-b32a-b25e250616b4,reading,mcq,"Working nights as a recovery technician for a dockless e-bike fleet in New York City requires combining practical skills with regulatory awareness, since many calls involve swollen lithium-ion packs that present both fire and transport hazards. My van is configured for long routes after midnight, when pavement is clearer but urgency often increases: riders report bulging packs, visible deformation or unusual heat. I typically begin each shift by reviewing a prioritized manifest that flags suspected thermal events and clusters pick-ups to reduce driving time, because I am constrained by a ten-hour driver permit window and by strict DOT/UN3480 limits on transporting damaged cells.

Swollen lithium-ion batteries usually indicate internal gas formation caused by overcharging, overheating, mechanical damage or manufacturing defects, and they therefore demand careful triage. Visual inspection is the first step; however, batteries that look normal at a glance may still harbor hot spots or failing cells, so I routinely scan packs with a thermal imager before touching them. The imager helps to identify uneven temperature distributions and isolates assemblies where a single module is exceeding safe limits. I also check battery management system (BMS) telemetry when available, since elevated cell voltages, high internal resistance or erratic balancing behaviour often precede swelling and can influence whether a pack should be repaired in the field or transported as a damaged article.

My route-optimized van carries several pieces of specialised equipment because regulatory compliance and safety cannot be sacrificed for speed. An insulated hot-box is used to contain heat and, in the worst case, venting gases; it is constructed to limit thermal propagation and prevent external ignition sources from reaching the battery. Portable BMS rigs let me run controlled diagnostics or place packs into a safe, low-current state for transport. I also carry spill suppression materials, non-conductive tools and clear hazard labels, because under UN3480 guidance damaged lithium-ion batteries require approved packaging, documentation and emergency response information. Importantly, many jurisdictions and carriers limit the quantity of damaged batteries that can be carried on a single vehicle, so I have to ensure the load remains within permitted thresholds while still addressing priority incidents.

Route planning therefore becomes an exercise in constrained optimisation: I balance the urgency and thermal risk of each pick-up against the ten-hour driver window, the vehicle's capacity under DOT rules and the need to keep packs in a thermally stable environment. Clustering nearby calls reduces transit time and exposure, but if several swollen packs are reported in a small area I may need to stage one or two in a local, approved holding facility rather than exceed transport limits. Dynamic re-routing is also necessary when thermal imagers detect escalating temperatures during the shift; in such instances I may divert to the nearest safe transfer point or request a secondary vehicle to avoid overloading the hot-box.

Budgetary constraints further shape decisions about whether to repair on site, ferry parts back to the workshop or consign a pack for disposal. With a tight monthly parts budget, I tend to prioritise module-level repairs that restore serviceable capacity at lower cost, provided diagnostics with the BMS rig confirm that affected modules are isolated and that the remaining cells are stable. Conversely, packs showing systemic failures, repeated swelling or inconsistent BMS readings are usually retired, because the long-term risk and regulatory burden of transporting multiple suspect batteries can exceed the savings from piecemeal repairs.

Ultimately, safe night-shift recovery depends on an integrated approach that couples thermal detection, conservative triage and careful route logistics within legal transport limits. Continuous data logging, recurring training on UN3480 requirements and modest investments in predictive analytics for fault detection would likely reduce both safety incidents and operating costs, but in the meantime pragmatic field decisions and disciplined adherence to protocols remain essential to keep riders and crews safe.",What specific time constraint limits how long the technician can operate on a route during a shift?,an eight-hour working cap|a ten-hour driver permit window|a twelve-hour maximum duty period|a twenty-four-hour scheduling limit,a ten-hour driver permit window,B2,recall,B2,No change -- confirmed B2: The question requires extracting a specific detail from a technical/professional context using specialized vocabulary such as 'time constraint' and 'operate on a route'.,FLAG,none,recall,"The question asks for a specific, factual detail that is retrieved directly from the text via verbatim lookup.",0,0,-1,-1,none,none,pass,REJECT,REJECT -- content: accuracy below target (0 < 90); clarity could not be determined; completeness could not be determined
57e0c6ec-2456-47b9-8bd1-2cf2887c680d,7138dfca-9339-4d30-ba72-a034b79b4bf0,reading,mcq,"Working nights as a recovery technician for a dockless e-bike fleet in New York City requires combining practical skills with regulatory awareness, since many calls involve swollen lithium-ion packs that present both fire and transport hazards. My van is configured for long routes after midnight, when pavement is clearer but urgency often increases: riders report bulging packs, visible deformation or unusual heat. I typically begin each shift by reviewing a prioritized manifest that flags suspected thermal events and clusters pick-ups to reduce driving time, because I am constrained by a ten-hour driver permit window and by strict DOT/UN3480 limits on transporting damaged cells.

Swollen lithium-ion batteries usually indicate internal gas formation caused by overcharging, overheating, mechanical damage or manufacturing defects, and they therefore demand careful triage. Visual inspection is the first step; however, batteries that look normal at a glance may still harbor hot spots or failing cells, so I routinely scan packs with a thermal imager before touching them. The imager helps to identify uneven temperature distributions and isolates assemblies where a single module is exceeding safe limits. I also check battery management system (BMS) telemetry when available, since elevated cell voltages, high internal resistance or erratic balancing behaviour often precede swelling and can influence whether a pack should be repaired in the field or transported as a damaged article.

My route-optimized van carries several pieces of specialised equipment because regulatory compliance and safety cannot be sacrificed for speed. An insulated hot-box is used to contain heat and, in the worst case, venting gases; it is constructed to limit thermal propagation and prevent external ignition sources from reaching the battery. Portable BMS rigs let me run controlled diagnostics or place packs into a safe, low-current state for transport. I also carry spill suppression materials, non-conductive tools and clear hazard labels, because under UN3480 guidance damaged lithium-ion batteries require approved packaging, documentation and emergency response information. Importantly, many jurisdictions and carriers limit the quantity of damaged batteries that can be carried on a single vehicle, so I have to ensure the load remains within permitted thresholds while still addressing priority incidents.

Route planning therefore becomes an exercise in constrained optimisation: I balance the urgency and thermal risk of each pick-up against the ten-hour driver window, the vehicle's capacity under DOT rules and the need to keep packs in a thermally stable environment. Clustering nearby calls reduces transit time and exposure, but if several swollen packs are reported in a small area I may need to stage one or two in a local, approved holding facility rather than exceed transport limits. Dynamic re-routing is also necessary when thermal imagers detect escalating temperatures during the shift; in such instances I may divert to the nearest safe transfer point or request a secondary vehicle to avoid overloading the hot-box.

Budgetary constraints further shape decisions about whether to repair on site, ferry parts back to the workshop or consign a pack for disposal. With a tight monthly parts budget, I tend to prioritise module-level repairs that restore serviceable capacity at lower cost, provided diagnostics with the BMS rig confirm that affected modules are isolated and that the remaining cells are stable. Conversely, packs showing systemic failures, repeated swelling or inconsistent BMS readings are usually retired, because the long-term risk and regulatory burden of transporting multiple suspect batteries can exceed the savings from piecemeal repairs.

Ultimately, safe night-shift recovery depends on an integrated approach that couples thermal detection, conservative triage and careful route logistics within legal transport limits. Continuous data logging, recurring training on UN3480 requirements and modest investments in predictive analytics for fault detection would likely reduce both safety incidents and operating costs, but in the meantime pragmatic field decisions and disciplined adherence to protocols remain essential to keep riders and crews safe.","Why might clustering nearby pick-ups still cause a logistical problem, despite reducing driving time?",It could cause the vehicle to exceed permitted quantities of damaged batteries|It increases the chance that batteries will physically touch and short-circuit|DOT rules ban collecting multiple incidents in one area regardless of quantity|It prevents use of thermal imagers because of restricted access,It could cause the vehicle to exceed permitted quantities of damaged batteries,B2,inference,C1,Changed from B2 to C1: The question requires understanding specialized technical vocabulary and navigating complex regulatory nuances within a professional context.,FLAG,none,inference,The answer requires drawing an unstated conclusion about regulatory limits on battery quantities based on the context of transport hazards and regulatory awareness.,100,0,2,-1,none,none,pass,REJECT,REJECT -- content: clarity below target (2 < 4); completeness could not be determined
57e0c6ec-2456-47b9-8bd1-2cf2887c680d,0d94cae1-9215-4966-abc8-16e52c20c370,reading,short_answer,"Working nights as a recovery technician for a dockless e-bike fleet in New York City requires combining practical skills with regulatory awareness, since many calls involve swollen lithium-ion packs that present both fire and transport hazards. My van is configured for long routes after midnight, when pavement is clearer but urgency often increases: riders report bulging packs, visible deformation or unusual heat. I typically begin each shift by reviewing a prioritized manifest that flags suspected thermal events and clusters pick-ups to reduce driving time, because I am constrained by a ten-hour driver permit window and by strict DOT/UN3480 limits on transporting damaged cells.

Swollen lithium-ion batteries usually indicate internal gas formation caused by overcharging, overheating, mechanical damage or manufacturing defects, and they therefore demand careful triage. Visual inspection is the first step; however, batteries that look normal at a glance may still harbor hot spots or failing cells, so I routinely scan packs with a thermal imager before touching them. The imager helps to identify uneven temperature distributions and isolates assemblies where a single module is exceeding safe limits. I also check battery management system (BMS) telemetry when available, since elevated cell voltages, high internal resistance or erratic balancing behaviour often precede swelling and can influence whether a pack should be repaired in the field or transported as a damaged article.

My route-optimized van carries several pieces of specialised equipment because regulatory compliance and safety cannot be sacrificed for speed. An insulated hot-box is used to contain heat and, in the worst case, venting gases; it is constructed to limit thermal propagation and prevent external ignition sources from reaching the battery. Portable BMS rigs let me run controlled diagnostics or place packs into a safe, low-current state for transport. I also carry spill suppression materials, non-conductive tools and clear hazard labels, because under UN3480 guidance damaged lithium-ion batteries require approved packaging, documentation and emergency response information. Importantly, many jurisdictions and carriers limit the quantity of damaged batteries that can be carried on a single vehicle, so I have to ensure the load remains within permitted thresholds while still addressing priority incidents.

Route planning therefore becomes an exercise in constrained optimisation: I balance the urgency and thermal risk of each pick-up against the ten-hour driver window, the vehicle's capacity under DOT rules and the need to keep packs in a thermally stable environment. Clustering nearby calls reduces transit time and exposure, but if several swollen packs are reported in a small area I may need to stage one or two in a local, approved holding facility rather than exceed transport limits. Dynamic re-routing is also necessary when thermal imagers detect escalating temperatures during the shift; in such instances I may divert to the nearest safe transfer point or request a secondary vehicle to avoid overloading the hot-box.

Budgetary constraints further shape decisions about whether to repair on site, ferry parts back to the workshop or consign a pack for disposal. With a tight monthly parts budget, I tend to prioritise module-level repairs that restore serviceable capacity at lower cost, provided diagnostics with the BMS rig confirm that affected modules are isolated and that the remaining cells are stable. Conversely, packs showing systemic failures, repeated swelling or inconsistent BMS readings are usually retired, because the long-term risk and regulatory burden of transporting multiple suspect batteries can exceed the savings from piecemeal repairs.

Ultimately, safe night-shift recovery depends on an integrated approach that couples thermal detection, conservative triage and careful route logistics within legal transport limits. Continuous data logging, recurring training on UN3480 requirements and modest investments in predictive analytics for fault detection would likely reduce both safety incidents and operating costs, but in the meantime pragmatic field decisions and disciplined adherence to protocols remain essential to keep riders and crews safe.","In paragraph 2, what does the term 'hot spots' most nearly mean?",,areas of higher temperature,B2,vocabulary,B2,"No change -- confirmed B2: The question requires inferring the meaning of a technical term within a specialized context, which is a characteristic skill of upper-intermediate reading comprehension.",FLAG,none,vocabulary,"The question asks for the meaning of a specific term, 'hot spots', which directly aligns with the definition of vocabulary.",20,0,-1,-1,none,none,pass,REJECT,REJECT -- content: accuracy below target (20 < 90); clarity could not be determined; completeness could not be determined
57e0c6ec-2456-47b9-8bd1-2cf2887c680d,e1f832b5-96ae-477b-8235-4895b7a8e1a9,reading,short_answer,"Working nights as a recovery technician for a dockless e-bike fleet in New York City requires combining practical skills with regulatory awareness, since many calls involve swollen lithium-ion packs that present both fire and transport hazards. My van is configured for long routes after midnight, when pavement is clearer but urgency often increases: riders report bulging packs, visible deformation or unusual heat. I typically begin each shift by reviewing a prioritized manifest that flags suspected thermal events and clusters pick-ups to reduce driving time, because I am constrained by a ten-hour driver permit window and by strict DOT/UN3480 limits on transporting damaged cells.

Swollen lithium-ion batteries usually indicate internal gas formation caused by overcharging, overheating, mechanical damage or manufacturing defects, and they therefore demand careful triage. Visual inspection is the first step; however, batteries that look normal at a glance may still harbor hot spots or failing cells, so I routinely scan packs with a thermal imager before touching them. The imager helps to identify uneven temperature distributions and isolates assemblies where a single module is exceeding safe limits. I also check battery management system (BMS) telemetry when available, since elevated cell voltages, high internal resistance or erratic balancing behaviour often precede swelling and can influence whether a pack should be repaired in the field or transported as a damaged article.

My route-optimized van carries several pieces of specialised equipment because regulatory compliance and safety cannot be sacrificed for speed. An insulated hot-box is used to contain heat and, in the worst case, venting gases; it is constructed to limit thermal propagation and prevent external ignition sources from reaching the battery. Portable BMS rigs let me run controlled diagnostics or place packs into a safe, low-current state for transport. I also carry spill suppression materials, non-conductive tools and clear hazard labels, because under UN3480 guidance damaged lithium-ion batteries require approved packaging, documentation and emergency response information. Importantly, many jurisdictions and carriers limit the quantity of damaged batteries that can be carried on a single vehicle, so I have to ensure the load remains within permitted thresholds while still addressing priority incidents.

Route planning therefore becomes an exercise in constrained optimisation: I balance the urgency and thermal risk of each pick-up against the ten-hour driver window, the vehicle's capacity under DOT rules and the need to keep packs in a thermally stable environment. Clustering nearby calls reduces transit time and exposure, but if several swollen packs are reported in a small area I may need to stage one or two in a local, approved holding facility rather than exceed transport limits. Dynamic re-routing is also necessary when thermal imagers detect escalating temperatures during the shift; in such instances I may divert to the nearest safe transfer point or request a secondary vehicle to avoid overloading the hot-box.

Budgetary constraints further shape decisions about whether to repair on site, ferry parts back to the workshop or consign a pack for disposal. With a tight monthly parts budget, I tend to prioritise module-level repairs that restore serviceable capacity at lower cost, provided diagnostics with the BMS rig confirm that affected modules are isolated and that the remaining cells are stable. Conversely, packs showing systemic failures, repeated swelling or inconsistent BMS readings are usually retired, because the long-term risk and regulatory burden of transporting multiple suspect batteries can exceed the savings from piecemeal repairs.

Ultimately, safe night-shift recovery depends on an integrated approach that couples thermal detection, conservative triage and careful route logistics within legal transport limits. Continuous data logging, recurring training on UN3480 requirements and modest investments in predictive analytics for fault detection would likely reduce both safety incidents and operating costs, but in the meantime pragmatic field decisions and disciplined adherence to protocols remain essential to keep riders and crews safe.","Which guidance requires approved packaging, documentation and emergency response information?",,UN3480,B2,comprehension,B2,"No change -- confirmed B2: The question requires understanding technical, regulatory vocabulary and retrieving specific information from a specialized text.",FLAG,none,comprehension,"The question requires connecting a set of specific requirements (approved packaging, documentation, and emergency response information) to the specific guidance identifier (UN3480) mentioned in the text, which involves connecting stated facts rather than a simple verbatim lookup of a single term.",-1,-1,-1,-1,none,requires_specialist_knowledge,requires_specialist_knowledge,REJECT,REJECT -- content: accuracy could not be determined; grammar score could not be determined; clarity could not be determined; completeness could not be determined; fairness: requires_specialist_knowledge
fcedbef5-f7bd-41c5-816e-b88b775fcfe4,0b2fa8af-1a69-4205-880f-fb6e1675c60b,reading,fill_up,"I manage operations for a hyperscale data center built in a decommissioned coal mine in southwestern Pennsylvania. The mine offers stable underground temperatures and strong rock for secure server halls, but it also brings old challenges such as pocketed methane, seasonal groundwater, and narrow access. My job is to keep equipment running, keep people safe, and follow Pennsylvania mine-safety permitting rules while staying inside a $2 million annual operations and maintenance (O&M) budget.

Methane detection is the top safety priority because coal mines often have methane gas left in pockets underground. Methane is flammable, so the site uses continuous methane detectors that sound alarms and automatically alert staff. These detectors are linked to ventilation and emergency systems where permitted. Pennsylvania mine-safety permits require specific types of sensors and explosion-resistant equipment in certain areas. Explosion-resistant means the device is built to avoid creating sparks. Because permits limit changes without approval, we must plan sensor upgrades carefully and sometimes wait for permit amendments before we install new hardware.

We reuse heat from servers by using a closed-loop heat-exchange system. A closed-loop system moves heat through sealed pipes without letting mine water contact the machines. Heat pumps transfer the warmth from the server room to the loop, and then it can be sent to nearby buildings or returned to the surface. This approach reduces energy use, but seasonal groundwater surges make it harder. In spring or after heavy rain, mine water levels rise suddenly and can press on pipes and access tunnels. Rising water can increase pumping needs and raise repair costs, so we design the loop with extra insulation and protective conduits to limit damage.

Fiber-splice resiliency is another technical concern. Fiber splices are places where two optical fibers are joined. These splices must be dry, clearly labeled, and easy to reach for repairs. Our underground site has a single-lift shaft for people and cargo, which means the elevator is the only vertical route in and out. Heavy or bulky repair equipment may not fit through the shaft, and trips to the surface take time. For this reason we prioritize easy-to-change, modular fiber panels near the shaft and maintain spare splice enclosures underground to reduce emergency surface trips.

With a $2 million O&M cap, trade-offs are constant. We cannot buy every possible redundancy. Priority spending goes to methane safety and basic fiber resiliency, then to preventive maintenance and heat-exchange improvements. Long-term savings from heat reuse are attractive, but initial upgrades can be expensive and require permit work. Balancing safety, efficiency, and access limits means making clear, risk-based choices each year and communicating them to regulators and stakeholders.","With a $2 million O&M cap, priority spending goes to methane safety and basic ___ resiliency.",,fiber,B1,comprehension,B2,"Changed from B1 to B2: The text uses specialized technical and professional vocabulary such as 'hyperscale,' 'decommissioned,' and 'O&M cap,' which requires an upper-intermediate level of comprehension.",FLAG,none,inference,"The answer 'fiber' is not explicitly mentioned in the text, making it an unstated conclusion (inference) rather than a connection of stated facts (comprehension).",-1,-1,-1,-1,none,none,pass,REJECT,REJECT -- content: accuracy could not be determined; grammar score could not be determined; clarity could not be determined; completeness could not be determined
fcedbef5-f7bd-41c5-816e-b88b775fcfe4,7120823a-5d6a-4a12-925f-52893f430408,reading,true_false,"I manage operations for a hyperscale data center built in a decommissioned coal mine in southwestern Pennsylvania. The mine offers stable underground temperatures and strong rock for secure server halls, but it also brings old challenges such as pocketed methane, seasonal groundwater, and narrow access. My job is to keep equipment running, keep people safe, and follow Pennsylvania mine-safety permitting rules while staying inside a $2 million annual operations and maintenance (O&M) budget.

Methane detection is the top safety priority because coal mines often have methane gas left in pockets underground. Methane is flammable, so the site uses continuous methane detectors that sound alarms and automatically alert staff. These detectors are linked to ventilation and emergency systems where permitted. Pennsylvania mine-safety permits require specific types of sensors and explosion-resistant equipment in certain areas. Explosion-resistant means the device is built to avoid creating sparks. Because permits limit changes without approval, we must plan sensor upgrades carefully and sometimes wait for permit amendments before we install new hardware.

We reuse heat from servers by using a closed-loop heat-exchange system. A closed-loop system moves heat through sealed pipes without letting mine water contact the machines. Heat pumps transfer the warmth from the server room to the loop, and then it can be sent to nearby buildings or returned to the surface. This approach reduces energy use, but seasonal groundwater surges make it harder. In spring or after heavy rain, mine water levels rise suddenly and can press on pipes and access tunnels. Rising water can increase pumping needs and raise repair costs, so we design the loop with extra insulation and protective conduits to limit damage.

Fiber-splice resiliency is another technical concern. Fiber splices are places where two optical fibers are joined. These splices must be dry, clearly labeled, and easy to reach for repairs. Our underground site has a single-lift shaft for people and cargo, which means the elevator is the only vertical route in and out. Heavy or bulky repair equipment may not fit through the shaft, and trips to the surface take time. For this reason we prioritize easy-to-change, modular fiber panels near the shaft and maintain spare splice enclosures underground to reduce emergency surface trips.

With a $2 million O&M cap, trade-offs are constant. We cannot buy every possible redundancy. Priority spending goes to methane safety and basic fiber resiliency, then to preventive maintenance and heat-exchange improvements. Long-term savings from heat reuse are attractive, but initial upgrades can be expensive and require permit work. Balancing safety, efficiency, and access limits means making clear, risk-based choices each year and communicating them to regulators and stakeholders.","The manager's main duties include keeping servers working, protecting staff, and following Pennsylvania mine-safety permits while staying within a $2 million yearly O&M budget.",True|False|Not Given,TRUE,B1,comprehension,B2,Changed from B1 to B2: The question uses specialized technical vocabulary such as 'hyperscale' and 'O&M budget' and requires synthesizing multiple complex details within a single sentence.,FLAG,none,comprehension,"The question requires connecting multiple stated facts about the manager's role, the location, and the environmental challenges to validate the description of their duties.",-1,-1,-1,-1,none,none,pass,REJECT,REJECT -- content: accuracy could not be determined; grammar score could not be determined; clarity could not be determined; completeness could not be determined
fcedbef5-f7bd-41c5-816e-b88b775fcfe4,78424e29-fb31-4411-9522-c24022e0c409,reading,true_false,"I manage operations for a hyperscale data center built in a decommissioned coal mine in southwestern Pennsylvania. The mine offers stable underground temperatures and strong rock for secure server halls, but it also brings old challenges such as pocketed methane, seasonal groundwater, and narrow access. My job is to keep equipment running, keep people safe, and follow Pennsylvania mine-safety permitting rules while staying inside a $2 million annual operations and maintenance (O&M) budget.

Methane detection is the top safety priority because coal mines often have methane gas left in pockets underground. Methane is flammable, so the site uses continuous methane detectors that sound alarms and automatically alert staff. These detectors are linked to ventilation and emergency systems where permitted. Pennsylvania mine-safety permits require specific types of sensors and explosion-resistant equipment in certain areas. Explosion-resistant means the device is built to avoid creating sparks. Because permits limit changes without approval, we must plan sensor upgrades carefully and sometimes wait for permit amendments before we install new hardware.

We reuse heat from servers by using a closed-loop heat-exchange system. A closed-loop system moves heat through sealed pipes without letting mine water contact the machines. Heat pumps transfer the warmth from the server room to the loop, and then it can be sent to nearby buildings or returned to the surface. This approach reduces energy use, but seasonal groundwater surges make it harder. In spring or after heavy rain, mine water levels rise suddenly and can press on pipes and access tunnels. Rising water can increase pumping needs and raise repair costs, so we design the loop with extra insulation and protective conduits to limit damage.

Fiber-splice resiliency is another technical concern. Fiber splices are places where two optical fibers are joined. These splices must be dry, clearly labeled, and easy to reach for repairs. Our underground site has a single-lift shaft for people and cargo, which means the elevator is the only vertical route in and out. Heavy or bulky repair equipment may not fit through the shaft, and trips to the surface take time. For this reason we prioritize easy-to-change, modular fiber panels near the shaft and maintain spare splice enclosures underground to reduce emergency surface trips.

With a $2 million O&M cap, trade-offs are constant. We cannot buy every possible redundancy. Priority spending goes to methane safety and basic fiber resiliency, then to preventive maintenance and heat-exchange improvements. Long-term savings from heat reuse are attractive, but initial upgrades can be expensive and require permit work. Balancing safety, efficiency, and access limits means making clear, risk-based choices each year and communicating them to regulators and stakeholders.",The underground site has more than one vertical shaft for people and equipment to use.,True|False|Not Given,FALSE,B1,recall,B2,"Changed from B1 to B2: The text uses specialized technical vocabulary such as 'hyperscale', 'decommissioned', and 'methane', requiring a level of reading comprehension typical of upper-intermediate professional contexts.",FLAG,none,recall,"The question asks for a specific factual detail regarding the number of shafts, which requires a direct verbatim lookup of information provided in the text.",-1,-1,-1,-1,none,none,pass,REJECT,REJECT -- content: accuracy could not be determined; grammar score could not be determined; clarity could not be determined; completeness could not be determined
fcedbef5-f7bd-41c5-816e-b88b775fcfe4,71591847-0b33-4db0-afa6-fd6e52544a04,reading,true_false,"I manage operations for a hyperscale data center built in a decommissioned coal mine in southwestern Pennsylvania. The mine offers stable underground temperatures and strong rock for secure server halls, but it also brings old challenges such as pocketed methane, seasonal groundwater, and narrow access. My job is to keep equipment running, keep people safe, and follow Pennsylvania mine-safety permitting rules while staying inside a $2 million annual operations and maintenance (O&M) budget.

Methane detection is the top safety priority because coal mines often have methane gas left in pockets underground. Methane is flammable, so the site uses continuous methane detectors that sound alarms and automatically alert staff. These detectors are linked to ventilation and emergency systems where permitted. Pennsylvania mine-safety permits require specific types of sensors and explosion-resistant equipment in certain areas. Explosion-resistant means the device is built to avoid creating sparks. Because permits limit changes without approval, we must plan sensor upgrades carefully and sometimes wait for permit amendments before we install new hardware.

We reuse heat from servers by using a closed-loop heat-exchange system. A closed-loop system moves heat through sealed pipes without letting mine water contact the machines. Heat pumps transfer the warmth from the server room to the loop, and then it can be sent to nearby buildings or returned to the surface. This approach reduces energy use, but seasonal groundwater surges make it harder. In spring or after heavy rain, mine water levels rise suddenly and can press on pipes and access tunnels. Rising water can increase pumping needs and raise repair costs, so we design the loop with extra insulation and protective conduits to limit damage.

Fiber-splice resiliency is another technical concern. Fiber splices are places where two optical fibers are joined. These splices must be dry, clearly labeled, and easy to reach for repairs. Our underground site has a single-lift shaft for people and cargo, which means the elevator is the only vertical route in and out. Heavy or bulky repair equipment may not fit through the shaft, and trips to the surface take time. For this reason we prioritize easy-to-change, modular fiber panels near the shaft and maintain spare splice enclosures underground to reduce emergency surface trips.

With a $2 million O&M cap, trade-offs are constant. We cannot buy every possible redundancy. Priority spending goes to methane safety and basic fiber resiliency, then to preventive maintenance and heat-exchange improvements. Long-term savings from heat reuse are attractive, but initial upgrades can be expensive and require permit work. Balancing safety, efficiency, and access limits means making clear, risk-based choices each year and communicating them to regulators and stakeholders.","Because of the permit rules, the team expects that permit changes will be approved quickly when they apply.",True|False|Not Given,NOT GIVEN,B1,inference,B2,"Changed from B1 to B2: The passage uses technical vocabulary and the question requires the reader to identify information that is not present in the text, which is a characteristic of B2-level reading comprehension.",FLAG,none,inference,"The question asks to determine if a specific conclusion about permit approval speed can be drawn from the text, which requires evaluating whether the information is present to support an unstated claim.",-1,0,1,4,none,none,pass,REJECT,REJECT -- content: accuracy could not be determined; clarity below target (1 < 4)
fcedbef5-f7bd-41c5-816e-b88b775fcfe4,faab32ac-279a-4a06-9cb9-a2ced45d7d21,reading,fill_up,"I manage operations for a hyperscale data center built in a decommissioned coal mine in southwestern Pennsylvania. The mine offers stable underground temperatures and strong rock for secure server halls, but it also brings old challenges such as pocketed methane, seasonal groundwater, and narrow access. My job is to keep equipment running, keep people safe, and follow Pennsylvania mine-safety permitting rules while staying inside a $2 million annual operations and maintenance (O&M) budget.

Methane detection is the top safety priority because coal mines often have methane gas left in pockets underground. Methane is flammable, so the site uses continuous methane detectors that sound alarms and automatically alert staff. These detectors are linked to ventilation and emergency systems where permitted. Pennsylvania mine-safety permits require specific types of sensors and explosion-resistant equipment in certain areas. Explosion-resistant means the device is built to avoid creating sparks. Because permits limit changes without approval, we must plan sensor upgrades carefully and sometimes wait for permit amendments before we install new hardware.

We reuse heat from servers by using a closed-loop heat-exchange system. A closed-loop system moves heat through sealed pipes without letting mine water contact the machines. Heat pumps transfer the warmth from the server room to the loop, and then it can be sent to nearby buildings or returned to the surface. This approach reduces energy use, but seasonal groundwater surges make it harder. In spring or after heavy rain, mine water levels rise suddenly and can press on pipes and access tunnels. Rising water can increase pumping needs and raise repair costs, so we design the loop with extra insulation and protective conduits to limit damage.

Fiber-splice resiliency is another technical concern. Fiber splices are places where two optical fibers are joined. These splices must be dry, clearly labeled, and easy to reach for repairs. Our underground site has a single-lift shaft for people and cargo, which means the elevator is the only vertical route in and out. Heavy or bulky repair equipment may not fit through the shaft, and trips to the surface take time. For this reason we prioritize easy-to-change, modular fiber panels near the shaft and maintain spare splice enclosures underground to reduce emergency surface trips.

With a $2 million O&M cap, trade-offs are constant. We cannot buy every possible redundancy. Priority spending goes to methane safety and basic fiber resiliency, then to preventive maintenance and heat-exchange improvements. Long-term savings from heat reuse are attractive, but initial upgrades can be expensive and require permit work. Balancing safety, efficiency, and access limits means making clear, risk-based choices each year and communicating them to regulators and stakeholders.","Methane is ___, so the site uses continuous methane detectors.",,flammable,B1,vocabulary,B1,No change -- confirmed B1: The question requires understanding a cause-and-effect relationship and applying specific vocabulary like 'flammable' within a technical context.,PASS,none,inference,"The question requires an unstated conclusion (that methane is flammable) to explain the necessity of detectors, which fits the definition of inference rather than the provided definition of vocabulary (meaning of a word).",100,0,4,5,none,none,pass,USE,USE -- passed
951b5a9b-08c0-4c4d-9f58-ec3afb7a0df0,16074e4d-2824-4135-930d-9a8fc082e6b8,reading,match,"Beneath an urban sun that can shatter asphalt by midafternoon, rooftop apiculture in Downtown Phoenix requires a philosophy of deliberate attenuation: reduce internal hive heat, distribute scarce resources judiciously, and time bee activity to the temperate hours. As the manager of a small nonprofit project that tends twelve heat-adapted colonies distributed evenly across three high-rise edible gardens, I work within a municipal permit that permits a maximum of four colonies per roof and a strict seasonal allocation of $2,500 for all water and equipment needs. Those constraints-regulatory caps, fiscal scarcity and a climate escalating in intensity-are not merely logistical inconveniences; they define the tactical envelope in which any adaptive strategy must operate.

Heat is the central ecological stressor. At the scale of the comb, honey bee brood development requires a remarkably narrow thermal regime around mid-thirties Celsius; adult foragers experience cumulative physiological strain when ambient temperatures exceed approximately 40-43°C, common in Phoenix summers. Excessive heat prompts increased fanning, elevates in-hive humidity, accelerates nectar evaporation and compels bees to make more frequent water-foraging sorties-each trip subtracting labor from nectar collection and increasing mortality risk. In a city where roof surfaces can radiate stored heat long after sunset, the apiarist's interventions must target both peak diurnal loads and nocturnal radiative cooling, seeking to keep comb temperatures within the safe band while minimizing added water consumption.

The principal low-cost instrument in our kit has been a series of improvised evaporative cooling arrays assembled from salvaged and inexpensive components. Each array comprises a shallow reservoir fashioned from repurposed gutter sections, capillary wick material (recycled cotton or burlap), a modest 12-volt computer fan driven by a small solar battery, and a timed micro-pump for nocturnal recirculation. Shade frames sited above the hives reduce incident radiation and extend the residual cooling effect after sundown. A single array assembled at roughly $120 supplies a microclimate for one colony; purchasing in bulk, scrounging materials from community donations and retrofitting abandoned HVAC condensers have brought our per-unit capital cost down and allowed us to outfit all twelve hives within the $1,400 equipment portion of our seasonal budget. The remaining $1,100 is apportioned to water procurement (approximately $800 for municipal refill credits and cistern maintenance) and a $300 contingency for repairs and permit-required inspections, exhausting the $2,500 envelope while preserving emergency liquidity.

Spatially, compliance with the municipal cap structures everything. With four colonies per roof, we distribute hives to exploit roof heterogeneity: orienting colonies toward the north wall where available, situating them under pergolas with edible vines that provide evaporative shading, and placing cisterns at high points to enable gravity-fed micro-irrigation lines. Water distribution is metered with inexpensive inline counters to satisfy municipal reporting, and we maintain logs of refills, pump cycles and ambient temperatures as part of our permit conditions. The cap also incentivizes a deliberate redundancy strategy: rather than concentrating hives, we create three discrete ecosystems that can each be managed independently; if a heat event compromises one roof's foraging fauna, the others can compensate without jeopardizing permit compliance.

A parallel innovation has been the deliberate configuration of nocturnal and crepuscular foraging corridors across adjacent rooftops and between contiguous shade terraces. Recognising that honey bees are primarily diurnal but will extend activity toward dawn and dusk when midday conditions are prohibitive, we sequence plantings so that nectar and pollen resources open and peak in sugar concentration in the cooler hours. Evening-blooming, drought-tolerant species indigenous to the Sonoran vicinity are interspersed with non-invasive ornamentals chosen for staggered anthesis; shallow water trays and cistern-fed misting scheduled for late afternoon sustain floral turgor and preserve nectary output into dusk. The result is a chain of accessible food patches that reduces the need for long, energetically expensive foraging trips during heat peaks and encourages foragers to exploit temporally cooler windows.

Monitoring completes the adaptive loop. We deploy inexpensive thermistors and small data loggers in representative colonies to record comb and ambient temperatures; when paired with counts of water provisioning trips and brood inspection records, these data reveal how interventions alter colony behaviour. Over two seasons our records showed a substantial diminution in midday emergency water-foraging excursions and a correlated decline in observed brood heat-shrinkage incidents-field metrics that, while not a substitute for controlled trials, guide iterative improvements. Crucially, volunteer training multiplies capacity: community members perform routine checks, refill cisterns and help fabricate replacement wicks, thereby substituting labour and local knowledge for purchase of expensive commercial hardware.

The praxis of rooftop beekeeping in heatwave cities raises normative questions about urban stewardship, water justice and the remit of municipal regulation. Permit caps that limit colonies per roof reflect legitimate concerns about nuisance complaints, disease transmission and cumulative ecological load, yet a rigid regulatory architecture that fails to recognise low-impact, water-efficient nonprofit models can thwart scalable solutions. We argue for tiered permitting that rewards demonstrable mitigation-metered water use, refractory cooling arrays, and publicly accessible monitoring data-with greater flexibility, and for modest subsidies for cistern installation that would reduce potable water reliance. Such policy adjustments would not only sustain urban apiculture but also advance urban biodiversity and edible landscaping aims.

What this microcosm demonstrates is neither a novel technological panacea nor a facile work-around for climate change; it is a pragmatic, place-specific synthesis of restraint, invention and communal labour. By designing for cooler hours, economising water, leveraging salvaged materials and aligning regulatory compliance with ecological outcomes, rooftop apiaries can persist in climates that are becoming more hostile. These experiments are necessarily contingent and localised, but they offer replicable templates for other heat-stressed cities: small budgets and modest ingenuity, marshalled collectively, can preserve the quiet industry of pollinators atop our urban edges.","{""title"": ""Match the following headings to the correct paragraph"", ""questions"": [""Paragraph 2: Heat is the central ecological stressor. At the scale of the comb, honey bee brood development requires a remarkably nar..."", ""Paragraph 3: The principal low-cost instrument in our kit has been a series of improvised evaporative cooling arrays assembled from s..."", ""Paragraph 7: The praxis of rooftop beekeeping in heatwave cities raises normative questions about urban stewardship, water justice an...""]}","Sequencing and provisioning of nocturnal-foraging corridors to mitigate daytime heat|Community-led monitoring, data logging and volunteer labour as operational multipliers|Physiological thresholds and behavioural responses of honey bees to extreme urban heat|Advocacy for adaptive, tiered permitting and modest cistern subsidies to support urban apiculture|DIY evaporative cooling arrays: construction, microclimate effects and budgetary allocation","2->Physiological thresholds and behavioural responses of honey bees to extreme urban heat; 3->DIY evaporative cooling arrays: construction, microclimate effects and budgetary allocation; 7->Advocacy for adaptive, tiered permitting and modest cistern subsidies to support urban apiculture",C2,comprehension,C1,"Changed from C2 to C1: The text employs highly specialized, academic vocabulary (e.g., 'apiculture', 'praxis', 'normative', 'attenuation') and complex conceptual structures characteristic of advanced-level reading.",FLAG,missing_end_punctuation,comprehension,The task requires understanding the content of each paragraph and connecting the stated facts to the most appropriate summary heading.,-1,-1,-1,-1,none,none,pass,REJECT,REJECT -- content: accuracy could not be determined; grammar score could not be determined; clarity could not be determined; completeness could not be determined; rule flags: missing_end_punctuation
951b5a9b-08c0-4c4d-9f58-ec3afb7a0df0,6c466bd2-0a1d-4564-84c1-30862ba95be3,reading,true_false,"Beneath an urban sun that can shatter asphalt by midafternoon, rooftop apiculture in Downtown Phoenix requires a philosophy of deliberate attenuation: reduce internal hive heat, distribute scarce resources judiciously, and time bee activity to the temperate hours. As the manager of a small nonprofit project that tends twelve heat-adapted colonies distributed evenly across three high-rise edible gardens, I work within a municipal permit that permits a maximum of four colonies per roof and a strict seasonal allocation of $2,500 for all water and equipment needs. Those constraints-regulatory caps, fiscal scarcity and a climate escalating in intensity-are not merely logistical inconveniences; they define the tactical envelope in which any adaptive strategy must operate.

Heat is the central ecological stressor. At the scale of the comb, honey bee brood development requires a remarkably narrow thermal regime around mid-thirties Celsius; adult foragers experience cumulative physiological strain when ambient temperatures exceed approximately 40-43°C, common in Phoenix summers. Excessive heat prompts increased fanning, elevates in-hive humidity, accelerates nectar evaporation and compels bees to make more frequent water-foraging sorties-each trip subtracting labor from nectar collection and increasing mortality risk. In a city where roof surfaces can radiate stored heat long after sunset, the apiarist's interventions must target both peak diurnal loads and nocturnal radiative cooling, seeking to keep comb temperatures within the safe band while minimizing added water consumption.

The principal low-cost instrument in our kit has been a series of improvised evaporative cooling arrays assembled from salvaged and inexpensive components. Each array comprises a shallow reservoir fashioned from repurposed gutter sections, capillary wick material (recycled cotton or burlap), a modest 12-volt computer fan driven by a small solar battery, and a timed micro-pump for nocturnal recirculation. Shade frames sited above the hives reduce incident radiation and extend the residual cooling effect after sundown. A single array assembled at roughly $120 supplies a microclimate for one colony; purchasing in bulk, scrounging materials from community donations and retrofitting abandoned HVAC condensers have brought our per-unit capital cost down and allowed us to outfit all twelve hives within the $1,400 equipment portion of our seasonal budget. The remaining $1,100 is apportioned to water procurement (approximately $800 for municipal refill credits and cistern maintenance) and a $300 contingency for repairs and permit-required inspections, exhausting the $2,500 envelope while preserving emergency liquidity.

Spatially, compliance with the municipal cap structures everything. With four colonies per roof, we distribute hives to exploit roof heterogeneity: orienting colonies toward the north wall where available, situating them under pergolas with edible vines that provide evaporative shading, and placing cisterns at high points to enable gravity-fed micro-irrigation lines. Water distribution is metered with inexpensive inline counters to satisfy municipal reporting, and we maintain logs of refills, pump cycles and ambient temperatures as part of our permit conditions. The cap also incentivizes a deliberate redundancy strategy: rather than concentrating hives, we create three discrete ecosystems that can each be managed independently; if a heat event compromises one roof's foraging fauna, the others can compensate without jeopardizing permit compliance.

A parallel innovation has been the deliberate configuration of nocturnal and crepuscular foraging corridors across adjacent rooftops and between contiguous shade terraces. Recognising that honey bees are primarily diurnal but will extend activity toward dawn and dusk when midday conditions are prohibitive, we sequence plantings so that nectar and pollen resources open and peak in sugar concentration in the cooler hours. Evening-blooming, drought-tolerant species indigenous to the Sonoran vicinity are interspersed with non-invasive ornamentals chosen for staggered anthesis; shallow water trays and cistern-fed misting scheduled for late afternoon sustain floral turgor and preserve nectary output into dusk. The result is a chain of accessible food patches that reduces the need for long, energetically expensive foraging trips during heat peaks and encourages foragers to exploit temporally cooler windows.

Monitoring completes the adaptive loop. We deploy inexpensive thermistors and small data loggers in representative colonies to record comb and ambient temperatures; when paired with counts of water provisioning trips and brood inspection records, these data reveal how interventions alter colony behaviour. Over two seasons our records showed a substantial diminution in midday emergency water-foraging excursions and a correlated decline in observed brood heat-shrinkage incidents-field metrics that, while not a substitute for controlled trials, guide iterative improvements. Crucially, volunteer training multiplies capacity: community members perform routine checks, refill cisterns and help fabricate replacement wicks, thereby substituting labour and local knowledge for purchase of expensive commercial hardware.

The praxis of rooftop beekeeping in heatwave cities raises normative questions about urban stewardship, water justice and the remit of municipal regulation. Permit caps that limit colonies per roof reflect legitimate concerns about nuisance complaints, disease transmission and cumulative ecological load, yet a rigid regulatory architecture that fails to recognise low-impact, water-efficient nonprofit models can thwart scalable solutions. We argue for tiered permitting that rewards demonstrable mitigation-metered water use, refractory cooling arrays, and publicly accessible monitoring data-with greater flexibility, and for modest subsidies for cistern installation that would reduce potable water reliance. Such policy adjustments would not only sustain urban apiculture but also advance urban biodiversity and edible landscaping aims.

What this microcosm demonstrates is neither a novel technological panacea nor a facile work-around for climate change; it is a pragmatic, place-specific synthesis of restraint, invention and communal labour. By designing for cooler hours, economising water, leveraging salvaged materials and aligning regulatory compliance with ecological outcomes, rooftop apiaries can persist in climates that are becoming more hostile. These experiments are necessarily contingent and localised, but they offer replicable templates for other heat-stressed cities: small budgets and modest ingenuity, marshalled collectively, can preserve the quiet industry of pollinators atop our urban edges.","The author uses the term 'tactical envelope' to signify the constrained operational boundaries created by regulatory limits, scarce funds and an intensifying climate.",True|False|Not Given,YES,C2,vocabulary,C1,"Changed from C2 to C1: The question requires interpreting a metaphorical term and synthesizing multiple abstract factors, which demands advanced vocabulary and high-level inferential reasoning.",FLAG,"fully_redundant_with:bf8771ea-b26c-4561-a073-8c9b12660a27, fully_redundant_with:00881255-ae39-428c-bdf7-8197ea6483b1",vocabulary,The question asks for the meaning and significance of a specific term ('tactical envelope') used by the author.,80,-1,-1,-1,none,none,pass,REJECT,"REJECT -- content: accuracy below target (80 < 90); grammar score could not be determined; clarity could not be determined; completeness could not be determined; rule flags: fully_redundant_with:bf8771ea-b26c-4561-a073-8c9b12660a27, fully_redundant_with:00881255-ae39-428c-bdf7-8197ea6483b1; rules: fully_redundant_with:bf8771ea-b26c-4561-a073-8c9b12660a27, fully_redundant_with:00881255-ae39-428c-bdf7-8197ea6483b1"
951b5a9b-08c0-4c4d-9f58-ec3afb7a0df0,bf8771ea-b26c-4561-a073-8c9b12660a27,reading,true_false,"Beneath an urban sun that can shatter asphalt by midafternoon, rooftop apiculture in Downtown Phoenix requires a philosophy of deliberate attenuation: reduce internal hive heat, distribute scarce resources judiciously, and time bee activity to the temperate hours. As the manager of a small nonprofit project that tends twelve heat-adapted colonies distributed evenly across three high-rise edible gardens, I work within a municipal permit that permits a maximum of four colonies per roof and a strict seasonal allocation of $2,500 for all water and equipment needs. Those constraints-regulatory caps, fiscal scarcity and a climate escalating in intensity-are not merely logistical inconveniences; they define the tactical envelope in which any adaptive strategy must operate.

Heat is the central ecological stressor. At the scale of the comb, honey bee brood development requires a remarkably narrow thermal regime around mid-thirties Celsius; adult foragers experience cumulative physiological strain when ambient temperatures exceed approximately 40-43°C, common in Phoenix summers. Excessive heat prompts increased fanning, elevates in-hive humidity, accelerates nectar evaporation and compels bees to make more frequent water-foraging sorties-each trip subtracting labor from nectar collection and increasing mortality risk. In a city where roof surfaces can radiate stored heat long after sunset, the apiarist's interventions must target both peak diurnal loads and nocturnal radiative cooling, seeking to keep comb temperatures within the safe band while minimizing added water consumption.

The principal low-cost instrument in our kit has been a series of improvised evaporative cooling arrays assembled from salvaged and inexpensive components. Each array comprises a shallow reservoir fashioned from repurposed gutter sections, capillary wick material (recycled cotton or burlap), a modest 12-volt computer fan driven by a small solar battery, and a timed micro-pump for nocturnal recirculation. Shade frames sited above the hives reduce incident radiation and extend the residual cooling effect after sundown. A single array assembled at roughly $120 supplies a microclimate for one colony; purchasing in bulk, scrounging materials from community donations and retrofitting abandoned HVAC condensers have brought our per-unit capital cost down and allowed us to outfit all twelve hives within the $1,400 equipment portion of our seasonal budget. The remaining $1,100 is apportioned to water procurement (approximately $800 for municipal refill credits and cistern maintenance) and a $300 contingency for repairs and permit-required inspections, exhausting the $2,500 envelope while preserving emergency liquidity.

Spatially, compliance with the municipal cap structures everything. With four colonies per roof, we distribute hives to exploit roof heterogeneity: orienting colonies toward the north wall where available, situating them under pergolas with edible vines that provide evaporative shading, and placing cisterns at high points to enable gravity-fed micro-irrigation lines. Water distribution is metered with inexpensive inline counters to satisfy municipal reporting, and we maintain logs of refills, pump cycles and ambient temperatures as part of our permit conditions. The cap also incentivizes a deliberate redundancy strategy: rather than concentrating hives, we create three discrete ecosystems that can each be managed independently; if a heat event compromises one roof's foraging fauna, the others can compensate without jeopardizing permit compliance.

A parallel innovation has been the deliberate configuration of nocturnal and crepuscular foraging corridors across adjacent rooftops and between contiguous shade terraces. Recognising that honey bees are primarily diurnal but will extend activity toward dawn and dusk when midday conditions are prohibitive, we sequence plantings so that nectar and pollen resources open and peak in sugar concentration in the cooler hours. Evening-blooming, drought-tolerant species indigenous to the Sonoran vicinity are interspersed with non-invasive ornamentals chosen for staggered anthesis; shallow water trays and cistern-fed misting scheduled for late afternoon sustain floral turgor and preserve nectary output into dusk. The result is a chain of accessible food patches that reduces the need for long, energetically expensive foraging trips during heat peaks and encourages foragers to exploit temporally cooler windows.

Monitoring completes the adaptive loop. We deploy inexpensive thermistors and small data loggers in representative colonies to record comb and ambient temperatures; when paired with counts of water provisioning trips and brood inspection records, these data reveal how interventions alter colony behaviour. Over two seasons our records showed a substantial diminution in midday emergency water-foraging excursions and a correlated decline in observed brood heat-shrinkage incidents-field metrics that, while not a substitute for controlled trials, guide iterative improvements. Crucially, volunteer training multiplies capacity: community members perform routine checks, refill cisterns and help fabricate replacement wicks, thereby substituting labour and local knowledge for purchase of expensive commercial hardware.

The praxis of rooftop beekeeping in heatwave cities raises normative questions about urban stewardship, water justice and the remit of municipal regulation. Permit caps that limit colonies per roof reflect legitimate concerns about nuisance complaints, disease transmission and cumulative ecological load, yet a rigid regulatory architecture that fails to recognise low-impact, water-efficient nonprofit models can thwart scalable solutions. We argue for tiered permitting that rewards demonstrable mitigation-metered water use, refractory cooling arrays, and publicly accessible monitoring data-with greater flexibility, and for modest subsidies for cistern installation that would reduce potable water reliance. Such policy adjustments would not only sustain urban apiculture but also advance urban biodiversity and edible landscaping aims.

What this microcosm demonstrates is neither a novel technological panacea nor a facile work-around for climate change; it is a pragmatic, place-specific synthesis of restraint, invention and communal labour. By designing for cooler hours, economising water, leveraging salvaged materials and aligning regulatory compliance with ecological outcomes, rooftop apiaries can persist in climates that are becoming more hostile. These experiments are necessarily contingent and localised, but they offer replicable templates for other heat-stressed cities: small budgets and modest ingenuity, marshalled collectively, can preserve the quiet industry of pollinators atop our urban edges.",The author maintains that interventions must target both daytime peak heat and nocturnal radiative cooling in order to keep comb temperatures within a safe band.,True|False|Not Given,YES,C2,comprehension,C1,"Changed from C2 to C1: The text and question utilize sophisticated, academic vocabulary such as 'apiculture', 'attenuation', and 'nocturnal radiative cooling', which require an advanced level of reading comprehension.",FLAG,"fully_redundant_with:6c466bd2-0a1d-4564-84c1-30862ba95be3, fully_redundant_with:00881255-ae39-428c-bdf7-8197ea6483b1",inference,"The question requires an unstated conclusion regarding 'nocturnal radiative cooling', which is not explicitly mentioned in the passage.",100,0,-1,-1,none,none,pass,REJECT,"REJECT -- content: clarity could not be determined; completeness could not be determined; rule flags: fully_redundant_with:6c466bd2-0a1d-4564-84c1-30862ba95be3, fully_redundant_with:00881255-ae39-428c-bdf7-8197ea6483b1; rules: fully_redundant_with:6c466bd2-0a1d-4564-84c1-30862ba95be3, fully_redundant_with:00881255-ae39-428c-bdf7-8197ea6483b1"
951b5a9b-08c0-4c4d-9f58-ec3afb7a0df0,00881255-ae39-428c-bdf7-8197ea6483b1,reading,true_false,"Beneath an urban sun that can shatter asphalt by midafternoon, rooftop apiculture in Downtown Phoenix requires a philosophy of deliberate attenuation: reduce internal hive heat, distribute scarce resources judiciously, and time bee activity to the temperate hours. As the manager of a small nonprofit project that tends twelve heat-adapted colonies distributed evenly across three high-rise edible gardens, I work within a municipal permit that permits a maximum of four colonies per roof and a strict seasonal allocation of $2,500 for all water and equipment needs. Those constraints-regulatory caps, fiscal scarcity and a climate escalating in intensity-are not merely logistical inconveniences; they define the tactical envelope in which any adaptive strategy must operate.

Heat is the central ecological stressor. At the scale of the comb, honey bee brood development requires a remarkably narrow thermal regime around mid-thirties Celsius; adult foragers experience cumulative physiological strain when ambient temperatures exceed approximately 40-43°C, common in Phoenix summers. Excessive heat prompts increased fanning, elevates in-hive humidity, accelerates nectar evaporation and compels bees to make more frequent water-foraging sorties-each trip subtracting labor from nectar collection and increasing mortality risk. In a city where roof surfaces can radiate stored heat long after sunset, the apiarist's interventions must target both peak diurnal loads and nocturnal radiative cooling, seeking to keep comb temperatures within the safe band while minimizing added water consumption.

The principal low-cost instrument in our kit has been a series of improvised evaporative cooling arrays assembled from salvaged and inexpensive components. Each array comprises a shallow reservoir fashioned from repurposed gutter sections, capillary wick material (recycled cotton or burlap), a modest 12-volt computer fan driven by a small solar battery, and a timed micro-pump for nocturnal recirculation. Shade frames sited above the hives reduce incident radiation and extend the residual cooling effect after sundown. A single array assembled at roughly $120 supplies a microclimate for one colony; purchasing in bulk, scrounging materials from community donations and retrofitting abandoned HVAC condensers have brought our per-unit capital cost down and allowed us to outfit all twelve hives within the $1,400 equipment portion of our seasonal budget. The remaining $1,100 is apportioned to water procurement (approximately $800 for municipal refill credits and cistern maintenance) and a $300 contingency for repairs and permit-required inspections, exhausting the $2,500 envelope while preserving emergency liquidity.

Spatially, compliance with the municipal cap structures everything. With four colonies per roof, we distribute hives to exploit roof heterogeneity: orienting colonies toward the north wall where available, situating them under pergolas with edible vines that provide evaporative shading, and placing cisterns at high points to enable gravity-fed micro-irrigation lines. Water distribution is metered with inexpensive inline counters to satisfy municipal reporting, and we maintain logs of refills, pump cycles and ambient temperatures as part of our permit conditions. The cap also incentivizes a deliberate redundancy strategy: rather than concentrating hives, we create three discrete ecosystems that can each be managed independently; if a heat event compromises one roof's foraging fauna, the others can compensate without jeopardizing permit compliance.

A parallel innovation has been the deliberate configuration of nocturnal and crepuscular foraging corridors across adjacent rooftops and between contiguous shade terraces. Recognising that honey bees are primarily diurnal but will extend activity toward dawn and dusk when midday conditions are prohibitive, we sequence plantings so that nectar and pollen resources open and peak in sugar concentration in the cooler hours. Evening-blooming, drought-tolerant species indigenous to the Sonoran vicinity are interspersed with non-invasive ornamentals chosen for staggered anthesis; shallow water trays and cistern-fed misting scheduled for late afternoon sustain floral turgor and preserve nectary output into dusk. The result is a chain of accessible food patches that reduces the need for long, energetically expensive foraging trips during heat peaks and encourages foragers to exploit temporally cooler windows.

Monitoring completes the adaptive loop. We deploy inexpensive thermistors and small data loggers in representative colonies to record comb and ambient temperatures; when paired with counts of water provisioning trips and brood inspection records, these data reveal how interventions alter colony behaviour. Over two seasons our records showed a substantial diminution in midday emergency water-foraging excursions and a correlated decline in observed brood heat-shrinkage incidents-field metrics that, while not a substitute for controlled trials, guide iterative improvements. Crucially, volunteer training multiplies capacity: community members perform routine checks, refill cisterns and help fabricate replacement wicks, thereby substituting labour and local knowledge for purchase of expensive commercial hardware.

The praxis of rooftop beekeeping in heatwave cities raises normative questions about urban stewardship, water justice and the remit of municipal regulation. Permit caps that limit colonies per roof reflect legitimate concerns about nuisance complaints, disease transmission and cumulative ecological load, yet a rigid regulatory architecture that fails to recognise low-impact, water-efficient nonprofit models can thwart scalable solutions. We argue for tiered permitting that rewards demonstrable mitigation-metered water use, refractory cooling arrays, and publicly accessible monitoring data-with greater flexibility, and for modest subsidies for cistern installation that would reduce potable water reliance. Such policy adjustments would not only sustain urban apiculture but also advance urban biodiversity and edible landscaping aims.

What this microcosm demonstrates is neither a novel technological panacea nor a facile work-around for climate change; it is a pragmatic, place-specific synthesis of restraint, invention and communal labour. By designing for cooler hours, economising water, leveraging salvaged materials and aligning regulatory compliance with ecological outcomes, rooftop apiaries can persist in climates that are becoming more hostile. These experiments are necessarily contingent and localised, but they offer replicable templates for other heat-stressed cities: small budgets and modest ingenuity, marshalled collectively, can preserve the quiet industry of pollinators atop our urban edges.","The author asserts that $1,400 of the $2,500 seasonal budget was designated for equipment, with the remaining $1,100 allocated to water procurement and contingency.",True|False|Not Given,YES,C2,recall,C1,"Changed from C2 to C1: The question utilizes advanced academic vocabulary such as 'asserts', 'procurement', and 'contingency', which requires a high level of linguistic precision and comprehension.",FLAG,"fully_redundant_with:6c466bd2-0a1d-4564-84c1-30862ba95be3, fully_redundant_with:bf8771ea-b26c-4561-a073-8c9b12660a27",recall,"The question asks for specific numerical values, which requires a verbatim lookup of facts within the text.",-1,1,1,1,none,none,pass,REJECT,"REJECT -- content: accuracy could not be determined; 1 grammar error(s) found; clarity below target (1 < 4); completeness below target (1 < 4); rule flags: fully_redundant_with:6c466bd2-0a1d-4564-84c1-30862ba95be3, fully_redundant_with:bf8771ea-b26c-4561-a073-8c9b12660a27; rules: fully_redundant_with:6c466bd2-0a1d-4564-84c1-30862ba95be3, fully_redundant_with:bf8771ea-b26c-4561-a073-8c9b12660a27"
951b5a9b-08c0-4c4d-9f58-ec3afb7a0df0,acefa759-b39b-4961-b44c-d90f5c62f2e6,reading,true_false,"Beneath an urban sun that can shatter asphalt by midafternoon, rooftop apiculture in Downtown Phoenix requires a philosophy of deliberate attenuation: reduce internal hive heat, distribute scarce resources judiciously, and time bee activity to the temperate hours. As the manager of a small nonprofit project that tends twelve heat-adapted colonies distributed evenly across three high-rise edible gardens, I work within a municipal permit that permits a maximum of four colonies per roof and a strict seasonal allocation of $2,500 for all water and equipment needs. Those constraints-regulatory caps, fiscal scarcity and a climate escalating in intensity-are not merely logistical inconveniences; they define the tactical envelope in which any adaptive strategy must operate.

Heat is the central ecological stressor. At the scale of the comb, honey bee brood development requires a remarkably narrow thermal regime around mid-thirties Celsius; adult foragers experience cumulative physiological strain when ambient temperatures exceed approximately 40-43°C, common in Phoenix summers. Excessive heat prompts increased fanning, elevates in-hive humidity, accelerates nectar evaporation and compels bees to make more frequent water-foraging sorties-each trip subtracting labor from nectar collection and increasing mortality risk. In a city where roof surfaces can radiate stored heat long after sunset, the apiarist's interventions must target both peak diurnal loads and nocturnal radiative cooling, seeking to keep comb temperatures within the safe band while minimizing added water consumption.

The principal low-cost instrument in our kit has been a series of improvised evaporative cooling arrays assembled from salvaged and inexpensive components. Each array comprises a shallow reservoir fashioned from repurposed gutter sections, capillary wick material (recycled cotton or burlap), a modest 12-volt computer fan driven by a small solar battery, and a timed micro-pump for nocturnal recirculation. Shade frames sited above the hives reduce incident radiation and extend the residual cooling effect after sundown. A single array assembled at roughly $120 supplies a microclimate for one colony; purchasing in bulk, scrounging materials from community donations and retrofitting abandoned HVAC condensers have brought our per-unit capital cost down and allowed us to outfit all twelve hives within the $1,400 equipment portion of our seasonal budget. The remaining $1,100 is apportioned to water procurement (approximately $800 for municipal refill credits and cistern maintenance) and a $300 contingency for repairs and permit-required inspections, exhausting the $2,500 envelope while preserving emergency liquidity.

Spatially, compliance with the municipal cap structures everything. With four colonies per roof, we distribute hives to exploit roof heterogeneity: orienting colonies toward the north wall where available, situating them under pergolas with edible vines that provide evaporative shading, and placing cisterns at high points to enable gravity-fed micro-irrigation lines. Water distribution is metered with inexpensive inline counters to satisfy municipal reporting, and we maintain logs of refills, pump cycles and ambient temperatures as part of our permit conditions. The cap also incentivizes a deliberate redundancy strategy: rather than concentrating hives, we create three discrete ecosystems that can each be managed independently; if a heat event compromises one roof's foraging fauna, the others can compensate without jeopardizing permit compliance.

A parallel innovation has been the deliberate configuration of nocturnal and crepuscular foraging corridors across adjacent rooftops and between contiguous shade terraces. Recognising that honey bees are primarily diurnal but will extend activity toward dawn and dusk when midday conditions are prohibitive, we sequence plantings so that nectar and pollen resources open and peak in sugar concentration in the cooler hours. Evening-blooming, drought-tolerant species indigenous to the Sonoran vicinity are interspersed with non-invasive ornamentals chosen for staggered anthesis; shallow water trays and cistern-fed misting scheduled for late afternoon sustain floral turgor and preserve nectary output into dusk. The result is a chain of accessible food patches that reduces the need for long, energetically expensive foraging trips during heat peaks and encourages foragers to exploit temporally cooler windows.

Monitoring completes the adaptive loop. We deploy inexpensive thermistors and small data loggers in representative colonies to record comb and ambient temperatures; when paired with counts of water provisioning trips and brood inspection records, these data reveal how interventions alter colony behaviour. Over two seasons our records showed a substantial diminution in midday emergency water-foraging excursions and a correlated decline in observed brood heat-shrinkage incidents-field metrics that, while not a substitute for controlled trials, guide iterative improvements. Crucially, volunteer training multiplies capacity: community members perform routine checks, refill cisterns and help fabricate replacement wicks, thereby substituting labour and local knowledge for purchase of expensive commercial hardware.

The praxis of rooftop beekeeping in heatwave cities raises normative questions about urban stewardship, water justice and the remit of municipal regulation. Permit caps that limit colonies per roof reflect legitimate concerns about nuisance complaints, disease transmission and cumulative ecological load, yet a rigid regulatory architecture that fails to recognise low-impact, water-efficient nonprofit models can thwart scalable solutions. We argue for tiered permitting that rewards demonstrable mitigation-metered water use, refractory cooling arrays, and publicly accessible monitoring data-with greater flexibility, and for modest subsidies for cistern installation that would reduce potable water reliance. Such policy adjustments would not only sustain urban apiculture but also advance urban biodiversity and edible landscaping aims.

What this microcosm demonstrates is neither a novel technological panacea nor a facile work-around for climate change; it is a pragmatic, place-specific synthesis of restraint, invention and communal labour. By designing for cooler hours, economising water, leveraging salvaged materials and aligning regulatory compliance with ecological outcomes, rooftop apiaries can persist in climates that are becoming more hostile. These experiments are necessarily contingent and localised, but they offer replicable templates for other heat-stressed cities: small budgets and modest ingenuity, marshalled collectively, can preserve the quiet industry of pollinators atop our urban edges.",The author implies that municipal permit caps are the principal impediment preventing the wider expansion of rooftop beekeeping in heatwave cities.,True|False|Not Given,NOT GIVEN,C2,inference,C1,"Changed from C2 to C1: The text uses sophisticated academic vocabulary like 'apiculture' and 'attenuation,' and the question requires high-level inference skills to identify information that is not present.",FLAG,none,inference,"The question asks what the author implies, which requires drawing an unstated conclusion from the provided text.",-1,-1,-1,-1,none,none,pass,REJECT,REJECT -- content: accuracy could not be determined; grammar score could not be determined; clarity could not be determined; completeness could not be determined
951b5a9b-08c0-4c4d-9f58-ec3afb7a0df0,44a17ce9-b474-42b6-9de2-d36d190bb711,reading,fill_up,"Beneath an urban sun that can shatter asphalt by midafternoon, rooftop apiculture in Downtown Phoenix requires a philosophy of deliberate attenuation: reduce internal hive heat, distribute scarce resources judiciously, and time bee activity to the temperate hours. As the manager of a small nonprofit project that tends twelve heat-adapted colonies distributed evenly across three high-rise edible gardens, I work within a municipal permit that permits a maximum of four colonies per roof and a strict seasonal allocation of $2,500 for all water and equipment needs. Those constraints-regulatory caps, fiscal scarcity and a climate escalating in intensity-are not merely logistical inconveniences; they define the tactical envelope in which any adaptive strategy must operate.

Heat is the central ecological stressor. At the scale of the comb, honey bee brood development requires a remarkably narrow thermal regime around mid-thirties Celsius; adult foragers experience cumulative physiological strain when ambient temperatures exceed approximately 40-43°C, common in Phoenix summers. Excessive heat prompts increased fanning, elevates in-hive humidity, accelerates nectar evaporation and compels bees to make more frequent water-foraging sorties-each trip subtracting labor from nectar collection and increasing mortality risk. In a city where roof surfaces can radiate stored heat long after sunset, the apiarist's interventions must target both peak diurnal loads and nocturnal radiative cooling, seeking to keep comb temperatures within the safe band while minimizing added water consumption.

The principal low-cost instrument in our kit has been a series of improvised evaporative cooling arrays assembled from salvaged and inexpensive components. Each array comprises a shallow reservoir fashioned from repurposed gutter sections, capillary wick material (recycled cotton or burlap), a modest 12-volt computer fan driven by a small solar battery, and a timed micro-pump for nocturnal recirculation. Shade frames sited above the hives reduce incident radiation and extend the residual cooling effect after sundown. A single array assembled at roughly $120 supplies a microclimate for one colony; purchasing in bulk, scrounging materials from community donations and retrofitting abandoned HVAC condensers have brought our per-unit capital cost down and allowed us to outfit all twelve hives within the $1,400 equipment portion of our seasonal budget. The remaining $1,100 is apportioned to water procurement (approximately $800 for municipal refill credits and cistern maintenance) and a $300 contingency for repairs and permit-required inspections, exhausting the $2,500 envelope while preserving emergency liquidity.

Spatially, compliance with the municipal cap structures everything. With four colonies per roof, we distribute hives to exploit roof heterogeneity: orienting colonies toward the north wall where available, situating them under pergolas with edible vines that provide evaporative shading, and placing cisterns at high points to enable gravity-fed micro-irrigation lines. Water distribution is metered with inexpensive inline counters to satisfy municipal reporting, and we maintain logs of refills, pump cycles and ambient temperatures as part of our permit conditions. The cap also incentivizes a deliberate redundancy strategy: rather than concentrating hives, we create three discrete ecosystems that can each be managed independently; if a heat event compromises one roof's foraging fauna, the others can compensate without jeopardizing permit compliance.

A parallel innovation has been the deliberate configuration of nocturnal and crepuscular foraging corridors across adjacent rooftops and between contiguous shade terraces. Recognising that honey bees are primarily diurnal but will extend activity toward dawn and dusk when midday conditions are prohibitive, we sequence plantings so that nectar and pollen resources open and peak in sugar concentration in the cooler hours. Evening-blooming, drought-tolerant species indigenous to the Sonoran vicinity are interspersed with non-invasive ornamentals chosen for staggered anthesis; shallow water trays and cistern-fed misting scheduled for late afternoon sustain floral turgor and preserve nectary output into dusk. The result is a chain of accessible food patches that reduces the need for long, energetically expensive foraging trips during heat peaks and encourages foragers to exploit temporally cooler windows.

Monitoring completes the adaptive loop. We deploy inexpensive thermistors and small data loggers in representative colonies to record comb and ambient temperatures; when paired with counts of water provisioning trips and brood inspection records, these data reveal how interventions alter colony behaviour. Over two seasons our records showed a substantial diminution in midday emergency water-foraging excursions and a correlated decline in observed brood heat-shrinkage incidents-field metrics that, while not a substitute for controlled trials, guide iterative improvements. Crucially, volunteer training multiplies capacity: community members perform routine checks, refill cisterns and help fabricate replacement wicks, thereby substituting labour and local knowledge for purchase of expensive commercial hardware.

The praxis of rooftop beekeeping in heatwave cities raises normative questions about urban stewardship, water justice and the remit of municipal regulation. Permit caps that limit colonies per roof reflect legitimate concerns about nuisance complaints, disease transmission and cumulative ecological load, yet a rigid regulatory architecture that fails to recognise low-impact, water-efficient nonprofit models can thwart scalable solutions. We argue for tiered permitting that rewards demonstrable mitigation-metered water use, refractory cooling arrays, and publicly accessible monitoring data-with greater flexibility, and for modest subsidies for cistern installation that would reduce potable water reliance. Such policy adjustments would not only sustain urban apiculture but also advance urban biodiversity and edible landscaping aims.

What this microcosm demonstrates is neither a novel technological panacea nor a facile work-around for climate change; it is a pragmatic, place-specific synthesis of restraint, invention and communal labour. By designing for cooler hours, economising water, leveraging salvaged materials and aligning regulatory compliance with ecological outcomes, rooftop apiaries can persist in climates that are becoming more hostile. These experiments are necessarily contingent and localised, but they offer replicable templates for other heat-stressed cities: small budgets and modest ingenuity, marshalled collectively, can preserve the quiet industry of pollinators atop our urban edges.",Shallow water trays and cistern-fed misting scheduled for late afternoon sustain floral ___ and preserve nectary output into dusk.,,turgor,C2,vocabulary,C1,"Changed from C2 to C1: The question requires understanding specialized botanical vocabulary such as 'turgor' and 'nectary' within a complex, academic sentence structure.",FLAG,none,vocabulary,The question requires selecting a specific term based on its biological meaning to correctly complete the sentence contextually.,-1,-1,-1,-1,none,none,pass,REJECT,REJECT -- content: accuracy could not be determined; grammar score could not be determined; clarity could not be determined; completeness could not be determined
951b5a9b-08c0-4c4d-9f58-ec3afb7a0df0,b1f6ae40-ee2d-49a2-800e-ef7d30e72f64,reading,fill_up,"Beneath an urban sun that can shatter asphalt by midafternoon, rooftop apiculture in Downtown Phoenix requires a philosophy of deliberate attenuation: reduce internal hive heat, distribute scarce resources judiciously, and time bee activity to the temperate hours. As the manager of a small nonprofit project that tends twelve heat-adapted colonies distributed evenly across three high-rise edible gardens, I work within a municipal permit that permits a maximum of four colonies per roof and a strict seasonal allocation of $2,500 for all water and equipment needs. Those constraints-regulatory caps, fiscal scarcity and a climate escalating in intensity-are not merely logistical inconveniences; they define the tactical envelope in which any adaptive strategy must operate.

Heat is the central ecological stressor. At the scale of the comb, honey bee brood development requires a remarkably narrow thermal regime around mid-thirties Celsius; adult foragers experience cumulative physiological strain when ambient temperatures exceed approximately 40-43°C, common in Phoenix summers. Excessive heat prompts increased fanning, elevates in-hive humidity, accelerates nectar evaporation and compels bees to make more frequent water-foraging sorties-each trip subtracting labor from nectar collection and increasing mortality risk. In a city where roof surfaces can radiate stored heat long after sunset, the apiarist's interventions must target both peak diurnal loads and nocturnal radiative cooling, seeking to keep comb temperatures within the safe band while minimizing added water consumption.

The principal low-cost instrument in our kit has been a series of improvised evaporative cooling arrays assembled from salvaged and inexpensive components. Each array comprises a shallow reservoir fashioned from repurposed gutter sections, capillary wick material (recycled cotton or burlap), a modest 12-volt computer fan driven by a small solar battery, and a timed micro-pump for nocturnal recirculation. Shade frames sited above the hives reduce incident radiation and extend the residual cooling effect after sundown. A single array assembled at roughly $120 supplies a microclimate for one colony; purchasing in bulk, scrounging materials from community donations and retrofitting abandoned HVAC condensers have brought our per-unit capital cost down and allowed us to outfit all twelve hives within the $1,400 equipment portion of our seasonal budget. The remaining $1,100 is apportioned to water procurement (approximately $800 for municipal refill credits and cistern maintenance) and a $300 contingency for repairs and permit-required inspections, exhausting the $2,500 envelope while preserving emergency liquidity.

Spatially, compliance with the municipal cap structures everything. With four colonies per roof, we distribute hives to exploit roof heterogeneity: orienting colonies toward the north wall where available, situating them under pergolas with edible vines that provide evaporative shading, and placing cisterns at high points to enable gravity-fed micro-irrigation lines. Water distribution is metered with inexpensive inline counters to satisfy municipal reporting, and we maintain logs of refills, pump cycles and ambient temperatures as part of our permit conditions. The cap also incentivizes a deliberate redundancy strategy: rather than concentrating hives, we create three discrete ecosystems that can each be managed independently; if a heat event compromises one roof's foraging fauna, the others can compensate without jeopardizing permit compliance.

A parallel innovation has been the deliberate configuration of nocturnal and crepuscular foraging corridors across adjacent rooftops and between contiguous shade terraces. Recognising that honey bees are primarily diurnal but will extend activity toward dawn and dusk when midday conditions are prohibitive, we sequence plantings so that nectar and pollen resources open and peak in sugar concentration in the cooler hours. Evening-blooming, drought-tolerant species indigenous to the Sonoran vicinity are interspersed with non-invasive ornamentals chosen for staggered anthesis; shallow water trays and cistern-fed misting scheduled for late afternoon sustain floral turgor and preserve nectary output into dusk. The result is a chain of accessible food patches that reduces the need for long, energetically expensive foraging trips during heat peaks and encourages foragers to exploit temporally cooler windows.

Monitoring completes the adaptive loop. We deploy inexpensive thermistors and small data loggers in representative colonies to record comb and ambient temperatures; when paired with counts of water provisioning trips and brood inspection records, these data reveal how interventions alter colony behaviour. Over two seasons our records showed a substantial diminution in midday emergency water-foraging excursions and a correlated decline in observed brood heat-shrinkage incidents-field metrics that, while not a substitute for controlled trials, guide iterative improvements. Crucially, volunteer training multiplies capacity: community members perform routine checks, refill cisterns and help fabricate replacement wicks, thereby substituting labour and local knowledge for purchase of expensive commercial hardware.

The praxis of rooftop beekeeping in heatwave cities raises normative questions about urban stewardship, water justice and the remit of municipal regulation. Permit caps that limit colonies per roof reflect legitimate concerns about nuisance complaints, disease transmission and cumulative ecological load, yet a rigid regulatory architecture that fails to recognise low-impact, water-efficient nonprofit models can thwart scalable solutions. We argue for tiered permitting that rewards demonstrable mitigation-metered water use, refractory cooling arrays, and publicly accessible monitoring data-with greater flexibility, and for modest subsidies for cistern installation that would reduce potable water reliance. Such policy adjustments would not only sustain urban apiculture but also advance urban biodiversity and edible landscaping aims.

What this microcosm demonstrates is neither a novel technological panacea nor a facile work-around for climate change; it is a pragmatic, place-specific synthesis of restraint, invention and communal labour. By designing for cooler hours, economising water, leveraging salvaged materials and aligning regulatory compliance with ecological outcomes, rooftop apiaries can persist in climates that are becoming more hostile. These experiments are necessarily contingent and localised, but they offer replicable templates for other heat-stressed cities: small budgets and modest ingenuity, marshalled collectively, can preserve the quiet industry of pollinators atop our urban edges.","Those constraints-regulatory caps, fiscal scarcity and a climate escalating in intensity-define the tactical ___ in which any adaptive strategy must operate.",,envelope,C2,comprehension,C1,Changed from C2 to C1: The question employs sophisticated academic vocabulary and requires an understanding of a metaphorical usage of 'envelope' within a complex sentence structure.,FLAG,none,comprehension,The question requires connecting the stated facts (the specific constraints listed) to the concept of the operational boundary (the envelope) within which the strategy must function.,-1,-1,-1,-1,none,none,pass,REJECT,REJECT -- content: accuracy could not be determined; grammar score could not be determined; clarity could not be determined; completeness could not be determined
951b5a9b-08c0-4c4d-9f58-ec3afb7a0df0,fed8519a-27fe-443b-aead-c87417f433cb,reading,fill_up,"Beneath an urban sun that can shatter asphalt by midafternoon, rooftop apiculture in Downtown Phoenix requires a philosophy of deliberate attenuation: reduce internal hive heat, distribute scarce resources judiciously, and time bee activity to the temperate hours. As the manager of a small nonprofit project that tends twelve heat-adapted colonies distributed evenly across three high-rise edible gardens, I work within a municipal permit that permits a maximum of four colonies per roof and a strict seasonal allocation of $2,500 for all water and equipment needs. Those constraints-regulatory caps, fiscal scarcity and a climate escalating in intensity-are not merely logistical inconveniences; they define the tactical envelope in which any adaptive strategy must operate.

Heat is the central ecological stressor. At the scale of the comb, honey bee brood development requires a remarkably narrow thermal regime around mid-thirties Celsius; adult foragers experience cumulative physiological strain when ambient temperatures exceed approximately 40-43°C, common in Phoenix summers. Excessive heat prompts increased fanning, elevates in-hive humidity, accelerates nectar evaporation and compels bees to make more frequent water-foraging sorties-each trip subtracting labor from nectar collection and increasing mortality risk. In a city where roof surfaces can radiate stored heat long after sunset, the apiarist's interventions must target both peak diurnal loads and nocturnal radiative cooling, seeking to keep comb temperatures within the safe band while minimizing added water consumption.

The principal low-cost instrument in our kit has been a series of improvised evaporative cooling arrays assembled from salvaged and inexpensive components. Each array comprises a shallow reservoir fashioned from repurposed gutter sections, capillary wick material (recycled cotton or burlap), a modest 12-volt computer fan driven by a small solar battery, and a timed micro-pump for nocturnal recirculation. Shade frames sited above the hives reduce incident radiation and extend the residual cooling effect after sundown. A single array assembled at roughly $120 supplies a microclimate for one colony; purchasing in bulk, scrounging materials from community donations and retrofitting abandoned HVAC condensers have brought our per-unit capital cost down and allowed us to outfit all twelve hives within the $1,400 equipment portion of our seasonal budget. The remaining $1,100 is apportioned to water procurement (approximately $800 for municipal refill credits and cistern maintenance) and a $300 contingency for repairs and permit-required inspections, exhausting the $2,500 envelope while preserving emergency liquidity.

Spatially, compliance with the municipal cap structures everything. With four colonies per roof, we distribute hives to exploit roof heterogeneity: orienting colonies toward the north wall where available, situating them under pergolas with edible vines that provide evaporative shading, and placing cisterns at high points to enable gravity-fed micro-irrigation lines. Water distribution is metered with inexpensive inline counters to satisfy municipal reporting, and we maintain logs of refills, pump cycles and ambient temperatures as part of our permit conditions. The cap also incentivizes a deliberate redundancy strategy: rather than concentrating hives, we create three discrete ecosystems that can each be managed independently; if a heat event compromises one roof's foraging fauna, the others can compensate without jeopardizing permit compliance.

A parallel innovation has been the deliberate configuration of nocturnal and crepuscular foraging corridors across adjacent rooftops and between contiguous shade terraces. Recognising that honey bees are primarily diurnal but will extend activity toward dawn and dusk when midday conditions are prohibitive, we sequence plantings so that nectar and pollen resources open and peak in sugar concentration in the cooler hours. Evening-blooming, drought-tolerant species indigenous to the Sonoran vicinity are interspersed with non-invasive ornamentals chosen for staggered anthesis; shallow water trays and cistern-fed misting scheduled for late afternoon sustain floral turgor and preserve nectary output into dusk. The result is a chain of accessible food patches that reduces the need for long, energetically expensive foraging trips during heat peaks and encourages foragers to exploit temporally cooler windows.

Monitoring completes the adaptive loop. We deploy inexpensive thermistors and small data loggers in representative colonies to record comb and ambient temperatures; when paired with counts of water provisioning trips and brood inspection records, these data reveal how interventions alter colony behaviour. Over two seasons our records showed a substantial diminution in midday emergency water-foraging excursions and a correlated decline in observed brood heat-shrinkage incidents-field metrics that, while not a substitute for controlled trials, guide iterative improvements. Crucially, volunteer training multiplies capacity: community members perform routine checks, refill cisterns and help fabricate replacement wicks, thereby substituting labour and local knowledge for purchase of expensive commercial hardware.

The praxis of rooftop beekeeping in heatwave cities raises normative questions about urban stewardship, water justice and the remit of municipal regulation. Permit caps that limit colonies per roof reflect legitimate concerns about nuisance complaints, disease transmission and cumulative ecological load, yet a rigid regulatory architecture that fails to recognise low-impact, water-efficient nonprofit models can thwart scalable solutions. We argue for tiered permitting that rewards demonstrable mitigation-metered water use, refractory cooling arrays, and publicly accessible monitoring data-with greater flexibility, and for modest subsidies for cistern installation that would reduce potable water reliance. Such policy adjustments would not only sustain urban apiculture but also advance urban biodiversity and edible landscaping aims.

What this microcosm demonstrates is neither a novel technological panacea nor a facile work-around for climate change; it is a pragmatic, place-specific synthesis of restraint, invention and communal labour. By designing for cooler hours, economising water, leveraging salvaged materials and aligning regulatory compliance with ecological outcomes, rooftop apiaries can persist in climates that are becoming more hostile. These experiments are necessarily contingent and localised, but they offer replicable templates for other heat-stressed cities: small budgets and modest ingenuity, marshalled collectively, can preserve the quiet industry of pollinators atop our urban edges.","As the manager of a small nonprofit project that tends ___ heat-adapted colonies distributed evenly across three high-rise edible gardens, I work within a municipal permit.",,twelve,C2,recall,C1,"Changed from C2 to C1: The background passage utilizes advanced, academic vocabulary such as 'attenuation' and 'judiciously' within complex sentence structures.",FLAG,none,recall,"The question requires retrieving a specific piece of information (the number twelve) from the text to fill a blank, which constitutes a verbatim lookup.",-1,-1,-1,-1,none,none,pass,REJECT,REJECT -- content: accuracy could not be determined; grammar score could not be determined; clarity could not be determined; completeness could not be determined
78d5e8f9-cca5-4cf8-878c-599876007775,be75d38f-1bf0-4698-93ec-8cd83d7a56d7,reading,mcq,"I manage the rooftop droneport on top of a twelve-story mixed-income cooperative building in Brooklyn. My job is to run flights, keep people safe and listen to residents. The droneport hosts delivery flights, medical evacuation drones and occasional testing. I work as both the rooftop droneport manager and the neighbourhood airspace liaison, which means I talk with city regulators, emergency services and the people who live in the building.

One of my first tasks is to follow NYC vertiport permits. A vertiport permit is the city permission to land drones on a building roof. The permit sets rules about hours, safety equipment and how close flights can get to other buildings. I also use geofenced delivery corridors. A geofence is a virtual fence that keeps drones in fixed lanes. These corridors help protect privacy and reduce risk. I plan flight times so deliveries avoid school pick-up and busy streets. I send corridor maps to delivery companies and check that they update their software.

Budget limits are constant. The building gives me $35,000 each year for rooftop maintenance, including pad repairs, insurance, sensors and small upgrades. I must decide how much goes to routine care and how much to emergency preparedness. For example, replacing a solar landing pad roof mat can cost several thousand dollars. I schedule maintenance during warmer months when the weather is gentler. Staffing is another constraint. We operate with staff on site from 8am to 8pm. This window covers most deliveries but creates a challenge for night medevac flights. For night emergency work we must call firefighters or use hospital helipads.

Solar landing pads provide electricity to recharge drones and to run instruments. The solar panels reduce operating costs and lower carbon emissions, but they need cleaning and occasional repair. Winter icing season is a real threat. Ice can stop drones from landing and damage propellers. To reduce risk, we use de-icing chemicals, heated pad mats and snow guards, but these add cost and need extra maintenance. Remote sensors tell us when ice forms so we can close the pad and notify ambulance teams. Designing medevac routing means having fast, clear paths from the roof to nearby hospitals while keeping drones away from crowds.

Noise-abatement rules and resident complaints shape daily choices. The city office enforces strict limits on decibel levels and times for noisy flight operations. When neighbours call with complaints, I log each case, review flight logs and meet residents to explain safety steps. We hold regular community meetings to show how routes and geofences reduce noise and protect privacy. Balancing safety, budget and compassion is the central task of running a rooftop droneport in a busy Brooklyn community.",Which statement best describes the writer's main role at the Brooklyn building?,Runs the rooftop droneport and talks with residents and city agencies.|Flies delivery drones all day for several private companies.|Installs and repairs the building's solar panels full time.|Responds to medical emergencies as a firefighter.,Runs the rooftop droneport and talks with residents and city agencies.,B1,comprehension,B1,"No change -- confirmed B1: The text uses clear, standard language to describe a specific job, requiring the reader to identify the main point of the passage.",FLAG,none,comprehension,The question requires connecting multiple stated facts from the passage (managing the droneport and listening to residents) to synthesize a description of the writer's role.,-1,-1,-1,-1,none,none,pass,REJECT,REJECT -- content: accuracy could not be determined; grammar score could not be determined; clarity could not be determined; completeness could not be determined
78d5e8f9-cca5-4cf8-878c-599876007775,0a04a916-5b2d-4c7a-a1e7-46d61614548e,reading,mcq,"I manage the rooftop droneport on top of a twelve-story mixed-income cooperative building in Brooklyn. My job is to run flights, keep people safe and listen to residents. The droneport hosts delivery flights, medical evacuation drones and occasional testing. I work as both the rooftop droneport manager and the neighbourhood airspace liaison, which means I talk with city regulators, emergency services and the people who live in the building.

One of my first tasks is to follow NYC vertiport permits. A vertiport permit is the city permission to land drones on a building roof. The permit sets rules about hours, safety equipment and how close flights can get to other buildings. I also use geofenced delivery corridors. A geofence is a virtual fence that keeps drones in fixed lanes. These corridors help protect privacy and reduce risk. I plan flight times so deliveries avoid school pick-up and busy streets. I send corridor maps to delivery companies and check that they update their software.

Budget limits are constant. The building gives me $35,000 each year for rooftop maintenance, including pad repairs, insurance, sensors and small upgrades. I must decide how much goes to routine care and how much to emergency preparedness. For example, replacing a solar landing pad roof mat can cost several thousand dollars. I schedule maintenance during warmer months when the weather is gentler. Staffing is another constraint. We operate with staff on site from 8am to 8pm. This window covers most deliveries but creates a challenge for night medevac flights. For night emergency work we must call firefighters or use hospital helipads.

Solar landing pads provide electricity to recharge drones and to run instruments. The solar panels reduce operating costs and lower carbon emissions, but they need cleaning and occasional repair. Winter icing season is a real threat. Ice can stop drones from landing and damage propellers. To reduce risk, we use de-icing chemicals, heated pad mats and snow guards, but these add cost and need extra maintenance. Remote sensors tell us when ice forms so we can close the pad and notify ambulance teams. Designing medevac routing means having fast, clear paths from the roof to nearby hospitals while keeping drones away from crowds.

Noise-abatement rules and resident complaints shape daily choices. The city office enforces strict limits on decibel levels and times for noisy flight operations. When neighbours call with complaints, I log each case, review flight logs and meet residents to explain safety steps. We hold regular community meetings to show how routes and geofences reduce noise and protect privacy. Balancing safety, budget and compassion is the central task of running a rooftop droneport in a busy Brooklyn community.",How much money does the building provide each year for rooftop maintenance?,"$10,000|$35,000|$50,000|$100,000","$35,000",B1,recall,B1,"No change -- confirmed B1: The question requires scanning the text to identify a specific factual detail, which is a characteristic task for B1 level reading comprehension.",FLAG,none,recall,The question asks for a specific numerical fact that requires a direct verbatim lookup from the text.,-1,-1,-1,-1,none,none,pass,REJECT,REJECT -- content: accuracy could not be determined; grammar score could not be determined; clarity could not be determined; completeness could not be determined
78d5e8f9-cca5-4cf8-878c-599876007775,99c2b793-8559-4b59-a05e-515594028a26,reading,mcq,"I manage the rooftop droneport on top of a twelve-story mixed-income cooperative building in Brooklyn. My job is to run flights, keep people safe and listen to residents. The droneport hosts delivery flights, medical evacuation drones and occasional testing. I work as both the rooftop droneport manager and the neighbourhood airspace liaison, which means I talk with city regulators, emergency services and the people who live in the building.

One of my first tasks is to follow NYC vertiport permits. A vertiport permit is the city permission to land drones on a building roof. The permit sets rules about hours, safety equipment and how close flights can get to other buildings. I also use geofenced delivery corridors. A geofence is a virtual fence that keeps drones in fixed lanes. These corridors help protect privacy and reduce risk. I plan flight times so deliveries avoid school pick-up and busy streets. I send corridor maps to delivery companies and check that they update their software.

Budget limits are constant. The building gives me $35,000 each year for rooftop maintenance, including pad repairs, insurance, sensors and small upgrades. I must decide how much goes to routine care and how much to emergency preparedness. For example, replacing a solar landing pad roof mat can cost several thousand dollars. I schedule maintenance during warmer months when the weather is gentler. Staffing is another constraint. We operate with staff on site from 8am to 8pm. This window covers most deliveries but creates a challenge for night medevac flights. For night emergency work we must call firefighters or use hospital helipads.

Solar landing pads provide electricity to recharge drones and to run instruments. The solar panels reduce operating costs and lower carbon emissions, but they need cleaning and occasional repair. Winter icing season is a real threat. Ice can stop drones from landing and damage propellers. To reduce risk, we use de-icing chemicals, heated pad mats and snow guards, but these add cost and need extra maintenance. Remote sensors tell us when ice forms so we can close the pad and notify ambulance teams. Designing medevac routing means having fast, clear paths from the roof to nearby hospitals while keeping drones away from crowds.

Noise-abatement rules and resident complaints shape daily choices. The city office enforces strict limits on decibel levels and times for noisy flight operations. When neighbours call with complaints, I log each case, review flight logs and meet residents to explain safety steps. We hold regular community meetings to show how routes and geofences reduce noise and protect privacy. Balancing safety, budget and compassion is the central task of running a rooftop droneport in a busy Brooklyn community.",What can be inferred about how the writer responds to neighbours' noise complaints?,They try to reassure residents and explain safety steps.|They ignore complaints and only focus on flights.|They stop all flights whenever one person complains.|They only send complaints to the city office and do not meet people.,They try to reassure residents and explain safety steps.,B1,inference,B2,"Changed from B1 to B2: The question requires the reader to make an inference that is not explicitly stated in the text, necessitating the ability to connect the phrase 'listen to residents' to a logical professional response.",FLAG,none,inference,"The question explicitly asks what can be inferred, requiring a conclusion that is not directly stated in the text.",100,-1,-1,-1,weak_distractors,none,pass,REJECT,REJECT -- content: grammar score could not be determined; clarity could not be determined; completeness could not be determined; construction: weak_distractors
78d5e8f9-cca5-4cf8-878c-599876007775,db9941c1-7756-4331-964e-97b9f37002e2,reading,short_answer,"I manage the rooftop droneport on top of a twelve-story mixed-income cooperative building in Brooklyn. My job is to run flights, keep people safe and listen to residents. The droneport hosts delivery flights, medical evacuation drones and occasional testing. I work as both the rooftop droneport manager and the neighbourhood airspace liaison, which means I talk with city regulators, emergency services and the people who live in the building.

One of my first tasks is to follow NYC vertiport permits. A vertiport permit is the city permission to land drones on a building roof. The permit sets rules about hours, safety equipment and how close flights can get to other buildings. I also use geofenced delivery corridors. A geofence is a virtual fence that keeps drones in fixed lanes. These corridors help protect privacy and reduce risk. I plan flight times so deliveries avoid school pick-up and busy streets. I send corridor maps to delivery companies and check that they update their software.

Budget limits are constant. The building gives me $35,000 each year for rooftop maintenance, including pad repairs, insurance, sensors and small upgrades. I must decide how much goes to routine care and how much to emergency preparedness. For example, replacing a solar landing pad roof mat can cost several thousand dollars. I schedule maintenance during warmer months when the weather is gentler. Staffing is another constraint. We operate with staff on site from 8am to 8pm. This window covers most deliveries but creates a challenge for night medevac flights. For night emergency work we must call firefighters or use hospital helipads.

Solar landing pads provide electricity to recharge drones and to run instruments. The solar panels reduce operating costs and lower carbon emissions, but they need cleaning and occasional repair. Winter icing season is a real threat. Ice can stop drones from landing and damage propellers. To reduce risk, we use de-icing chemicals, heated pad mats and snow guards, but these add cost and need extra maintenance. Remote sensors tell us when ice forms so we can close the pad and notify ambulance teams. Designing medevac routing means having fast, clear paths from the roof to nearby hospitals while keeping drones away from crowds.

Noise-abatement rules and resident complaints shape daily choices. The city office enforces strict limits on decibel levels and times for noisy flight operations. When neighbours call with complaints, I log each case, review flight logs and meet residents to explain safety steps. We hold regular community meetings to show how routes and geofences reduce noise and protect privacy. Balancing safety, budget and compassion is the central task of running a rooftop droneport in a busy Brooklyn community.",What does the word 'geofence' mean in the passage?,,a virtual fence,B1,vocabulary,B2,"Changed from B1 to B2: The question requires the reader to infer the meaning of a specialized technical term ('geofence') from the context, which is a characteristic of B2-level reading comprehension.",FLAG,none,vocabulary,"The question asks for the meaning of a specific word, which directly aligns with the definition of vocabulary.",-1,-1,-1,-1,none,none,pass,REJECT,REJECT -- content: accuracy could not be determined; grammar score could not be determined; clarity could not be determined; completeness could not be determined
78d5e8f9-cca5-4cf8-878c-599876007775,fa573a93-1828-496a-ad16-891994473879,reading,short_answer,"I manage the rooftop droneport on top of a twelve-story mixed-income cooperative building in Brooklyn. My job is to run flights, keep people safe and listen to residents. The droneport hosts delivery flights, medical evacuation drones and occasional testing. I work as both the rooftop droneport manager and the neighbourhood airspace liaison, which means I talk with city regulators, emergency services and the people who live in the building.

One of my first tasks is to follow NYC vertiport permits. A vertiport permit is the city permission to land drones on a building roof. The permit sets rules about hours, safety equipment and how close flights can get to other buildings. I also use geofenced delivery corridors. A geofence is a virtual fence that keeps drones in fixed lanes. These corridors help protect privacy and reduce risk. I plan flight times so deliveries avoid school pick-up and busy streets. I send corridor maps to delivery companies and check that they update their software.

Budget limits are constant. The building gives me $35,000 each year for rooftop maintenance, including pad repairs, insurance, sensors and small upgrades. I must decide how much goes to routine care and how much to emergency preparedness. For example, replacing a solar landing pad roof mat can cost several thousand dollars. I schedule maintenance during warmer months when the weather is gentler. Staffing is another constraint. We operate with staff on site from 8am to 8pm. This window covers most deliveries but creates a challenge for night medevac flights. For night emergency work we must call firefighters or use hospital helipads.

Solar landing pads provide electricity to recharge drones and to run instruments. The solar panels reduce operating costs and lower carbon emissions, but they need cleaning and occasional repair. Winter icing season is a real threat. Ice can stop drones from landing and damage propellers. To reduce risk, we use de-icing chemicals, heated pad mats and snow guards, but these add cost and need extra maintenance. Remote sensors tell us when ice forms so we can close the pad and notify ambulance teams. Designing medevac routing means having fast, clear paths from the roof to nearby hospitals while keeping drones away from crowds.

Noise-abatement rules and resident complaints shape daily choices. The city office enforces strict limits on decibel levels and times for noisy flight operations. When neighbours call with complaints, I log each case, review flight logs and meet residents to explain safety steps. We hold regular community meetings to show how routes and geofences reduce noise and protect privacy. Balancing safety, budget and compassion is the central task of running a rooftop droneport in a busy Brooklyn community.",What are the staff on-site hours?,,8am to 8pm,B1,comprehension,B1,"No change -- confirmed B1: The question requires scanning a text for specific factual information, which is a characteristic reading task at the B1 level.",FLAG,none,comprehension,The question requires connecting the start and end times mentioned in the text to determine the full range of hours.,-1,-1,-1,-1,none,none,pass,REJECT,REJECT -- content: accuracy could not be determined; grammar score could not be determined; clarity could not be determined; completeness could not be determined
4fe5d1c4-94c0-4048-b11c-ef79d07e7fab,79fa70ff-421a-41c0-83e7-ae26392371e6,reading,true_false,"Working as a licensed neon sign conservator in Manhattan's Theater District demands a mix of technical skill, diplomatic negotiation and careful scheduling. Many marquees date from the 1920s and are both fragile and historically significant, so interventions are planned to preserve original materials whenever possible. Conservators often work at night to reduce disruption to traffic and performances, and they must complete visible work within a strict 30-day NYC Landmarks Commission permit window. At the same time, the practical reality of a $7,500 per-sign conservation budget constrains which treatments can be undertaken in any single campaign.

The core technical tasks involve oxy-propane glass-bending and the handling of gas fillings such as mercury and argon in vintage tubes. Oxy-propane torches provide a controllable flame that most conservators prefer for reheating delicate hand-blown glass without causing rapid thermal shock. Many 1920s tubes were originally filled with a small quantity of mercury to improve conductivity or argon to change colour, and refilling or safe removal requires both precision and compliance with hazardous-material guidelines. Conservators therefore combine hand skills with instruments for measuring internal pressure and gas purity, and they typically anneal joints carefully so that repaired sections match the optical character of the originals.

A marquee conservation project seldom focuses on glass work alone; corroded frames and mounting hardware frequently require attention. Decisions about whether to repair or to replace corroded metal are driven by budget constraints, the visible importance of a feature and the long-term stability of the sign. For example, extensive frame corrosion might demand structural reinforcement that absorbs a significant portion of the $7,500 budget, leaving less for full historic gas refills or elaborate glass restoration. In practice, conservators prioritise interventions that reduce immediate risks to public safety while attempting to retain as much original fabric as possible, and they document all choices in case future funding permits further treatment.

Regulatory oversight affects both the schedule and the methods used. The Landmarks Commission's permit process typically requires a written proposal, photographs, and occasionally tests of materials before approval, all to be completed within the 30-day window described by the client brief. Working nights usually means arranging additional notifications for nearby residents and coordinating with local authorities about lane closures or sidewalk protection. Failure to adhere to permit conditions can result in fines or orders to undo work, so conservators maintain detailed logs and retain samples where necessary to demonstrate that accepted conservation methods were followed.

Nighttime skylifts and work platforms are standard tools for marquee conservation in dense urban contexts, but they introduce their own logistical demands. Operators must balance the limited hours available under the permit with weather forecasts and the variable availability of certified lift drivers. Safety procedures are rigorous: personal fall arrest systems, lockout-tagout for electrical circuits, and protocols for handling any mercury-contaminated materials. Teams are usually lean - a conservator, an assistant, an electrician and a lift operator - so coordination and rapid decision-making are essential when unexpected problems arise after a tube is removed or a rusty bracket fails.

Ultimately, conserving a 1920s neon marquee in Manhattan is an exercise in balancing heritage values, safety and finite resources. Within the $7,500 per-sign budget and a 30-day permit window, conservators must choose interventions that protect the sign's character and ensure it will remain a readable element of the streetscape for years to come. Negotiation with theatre owners, permit officers and fellow tradespeople is therefore as important as glass-bending technique or gas-handling expertise when the sign lights up again over the theatre entrance.","Conservators plan interventions that preserve original components where possible, carry out work overnight to limit disturbance, and are required to finish any visible repairs within a 30-day permit period.",True|False|Not Given,TRUE,B2,comprehension,B2,"No change -- confirmed B2: The question uses advanced vocabulary and a complex, multi-clause sentence structure that requires the reader to verify several specific details simultaneously.",FLAG,none,comprehension,"The question requires verifying a multi-part statement by checking the truth of several facts against the text, which falls under connecting and understanding stated facts.",80,0,4,1,none,none,pass,REJECT,REJECT -- content: accuracy below target (80 < 90); completeness below target (1 < 4)
4fe5d1c4-94c0-4048-b11c-ef79d07e7fab,442dda7f-f9aa-4572-b489-7f8efb9321c7,reading,true_false,"Working as a licensed neon sign conservator in Manhattan's Theater District demands a mix of technical skill, diplomatic negotiation and careful scheduling. Many marquees date from the 1920s and are both fragile and historically significant, so interventions are planned to preserve original materials whenever possible. Conservators often work at night to reduce disruption to traffic and performances, and they must complete visible work within a strict 30-day NYC Landmarks Commission permit window. At the same time, the practical reality of a $7,500 per-sign conservation budget constrains which treatments can be undertaken in any single campaign.

The core technical tasks involve oxy-propane glass-bending and the handling of gas fillings such as mercury and argon in vintage tubes. Oxy-propane torches provide a controllable flame that most conservators prefer for reheating delicate hand-blown glass without causing rapid thermal shock. Many 1920s tubes were originally filled with a small quantity of mercury to improve conductivity or argon to change colour, and refilling or safe removal requires both precision and compliance with hazardous-material guidelines. Conservators therefore combine hand skills with instruments for measuring internal pressure and gas purity, and they typically anneal joints carefully so that repaired sections match the optical character of the originals.

A marquee conservation project seldom focuses on glass work alone; corroded frames and mounting hardware frequently require attention. Decisions about whether to repair or to replace corroded metal are driven by budget constraints, the visible importance of a feature and the long-term stability of the sign. For example, extensive frame corrosion might demand structural reinforcement that absorbs a significant portion of the $7,500 budget, leaving less for full historic gas refills or elaborate glass restoration. In practice, conservators prioritise interventions that reduce immediate risks to public safety while attempting to retain as much original fabric as possible, and they document all choices in case future funding permits further treatment.

Regulatory oversight affects both the schedule and the methods used. The Landmarks Commission's permit process typically requires a written proposal, photographs, and occasionally tests of materials before approval, all to be completed within the 30-day window described by the client brief. Working nights usually means arranging additional notifications for nearby residents and coordinating with local authorities about lane closures or sidewalk protection. Failure to adhere to permit conditions can result in fines or orders to undo work, so conservators maintain detailed logs and retain samples where necessary to demonstrate that accepted conservation methods were followed.

Nighttime skylifts and work platforms are standard tools for marquee conservation in dense urban contexts, but they introduce their own logistical demands. Operators must balance the limited hours available under the permit with weather forecasts and the variable availability of certified lift drivers. Safety procedures are rigorous: personal fall arrest systems, lockout-tagout for electrical circuits, and protocols for handling any mercury-contaminated materials. Teams are usually lean - a conservator, an assistant, an electrician and a lift operator - so coordination and rapid decision-making are essential when unexpected problems arise after a tube is removed or a rusty bracket fails.

Ultimately, conserving a 1920s neon marquee in Manhattan is an exercise in balancing heritage values, safety and finite resources. Within the $7,500 per-sign budget and a 30-day permit window, conservators must choose interventions that protect the sign's character and ensure it will remain a readable element of the streetscape for years to come. Negotiation with theatre owners, permit officers and fellow tradespeople is therefore as important as glass-bending technique or gas-handling expertise when the sign lights up again over the theatre entrance.","Teams working on marquee conservation normally include five or more staff members, such as a conservator, an assistant, an electrician, a lift operator and a project manager.",True|False|Not Given,FALSE,B2,recall,B2,"No change -- confirmed B2: The text uses specialized professional vocabulary and requires the reader to identify specific details to distinguish between false information and missing information, which is characteristic of B2-level reading tasks.",FLAG,none,recall,"The question asks for specific details regarding the number and types of staff members, which requires a verbatim lookup of facts stated in the text.",-1,-1,-1,-1,none,none,pass,REJECT,REJECT -- content: accuracy could not be determined; grammar score could not be determined; clarity could not be determined; completeness could not be determined
4fe5d1c4-94c0-4048-b11c-ef79d07e7fab,c761baa9-74ba-47a0-9880-cdb820526548,reading,true_false,"Working as a licensed neon sign conservator in Manhattan's Theater District demands a mix of technical skill, diplomatic negotiation and careful scheduling. Many marquees date from the 1920s and are both fragile and historically significant, so interventions are planned to preserve original materials whenever possible. Conservators often work at night to reduce disruption to traffic and performances, and they must complete visible work within a strict 30-day NYC Landmarks Commission permit window. At the same time, the practical reality of a $7,500 per-sign conservation budget constrains which treatments can be undertaken in any single campaign.

The core technical tasks involve oxy-propane glass-bending and the handling of gas fillings such as mercury and argon in vintage tubes. Oxy-propane torches provide a controllable flame that most conservators prefer for reheating delicate hand-blown glass without causing rapid thermal shock. Many 1920s tubes were originally filled with a small quantity of mercury to improve conductivity or argon to change colour, and refilling or safe removal requires both precision and compliance with hazardous-material guidelines. Conservators therefore combine hand skills with instruments for measuring internal pressure and gas purity, and they typically anneal joints carefully so that repaired sections match the optical character of the originals.

A marquee conservation project seldom focuses on glass work alone; corroded frames and mounting hardware frequently require attention. Decisions about whether to repair or to replace corroded metal are driven by budget constraints, the visible importance of a feature and the long-term stability of the sign. For example, extensive frame corrosion might demand structural reinforcement that absorbs a significant portion of the $7,500 budget, leaving less for full historic gas refills or elaborate glass restoration. In practice, conservators prioritise interventions that reduce immediate risks to public safety while attempting to retain as much original fabric as possible, and they document all choices in case future funding permits further treatment.

Regulatory oversight affects both the schedule and the methods used. The Landmarks Commission's permit process typically requires a written proposal, photographs, and occasionally tests of materials before approval, all to be completed within the 30-day window described by the client brief. Working nights usually means arranging additional notifications for nearby residents and coordinating with local authorities about lane closures or sidewalk protection. Failure to adhere to permit conditions can result in fines or orders to undo work, so conservators maintain detailed logs and retain samples where necessary to demonstrate that accepted conservation methods were followed.

Nighttime skylifts and work platforms are standard tools for marquee conservation in dense urban contexts, but they introduce their own logistical demands. Operators must balance the limited hours available under the permit with weather forecasts and the variable availability of certified lift drivers. Safety procedures are rigorous: personal fall arrest systems, lockout-tagout for electrical circuits, and protocols for handling any mercury-contaminated materials. Teams are usually lean - a conservator, an assistant, an electrician and a lift operator - so coordination and rapid decision-making are essential when unexpected problems arise after a tube is removed or a rusty bracket fails.

Ultimately, conserving a 1920s neon marquee in Manhattan is an exercise in balancing heritage values, safety and finite resources. Within the $7,500 per-sign budget and a 30-day permit window, conservators must choose interventions that protect the sign's character and ensure it will remain a readable element of the streetscape for years to come. Negotiation with theatre owners, permit officers and fellow tradespeople is therefore as important as glass-bending technique or gas-handling expertise when the sign lights up again over the theatre entrance.",The passage suggests that oxy-propane torches are selected primarily because they cost less than alternative heating methods.,True|False|Not Given,NOT GIVEN,B2,inference,B2,"No change -- confirmed B2: The text uses specialized vocabulary and the question requires the ability to distinguish between information that is absent and information that is contradicted, which is a characteristic of upper-intermediate reading tasks.",FLAG,none,inference,"The question asks for a conclusion about a specific tool and its cost that is not explicitly mentioned in the text, requiring the reader to infer that the information is absent.",-1,-1,-1,-1,none,none,pass,REJECT,REJECT -- content: accuracy could not be determined; grammar score could not be determined; clarity could not be determined; completeness could not be determined
4fe5d1c4-94c0-4048-b11c-ef79d07e7fab,086bc31f-7e67-4ad3-b403-1a793110d652,reading,fill_up,"Working as a licensed neon sign conservator in Manhattan's Theater District demands a mix of technical skill, diplomatic negotiation and careful scheduling. Many marquees date from the 1920s and are both fragile and historically significant, so interventions are planned to preserve original materials whenever possible. Conservators often work at night to reduce disruption to traffic and performances, and they must complete visible work within a strict 30-day NYC Landmarks Commission permit window. At the same time, the practical reality of a $7,500 per-sign conservation budget constrains which treatments can be undertaken in any single campaign.

The core technical tasks involve oxy-propane glass-bending and the handling of gas fillings such as mercury and argon in vintage tubes. Oxy-propane torches provide a controllable flame that most conservators prefer for reheating delicate hand-blown glass without causing rapid thermal shock. Many 1920s tubes were originally filled with a small quantity of mercury to improve conductivity or argon to change colour, and refilling or safe removal requires both precision and compliance with hazardous-material guidelines. Conservators therefore combine hand skills with instruments for measuring internal pressure and gas purity, and they typically anneal joints carefully so that repaired sections match the optical character of the originals.

A marquee conservation project seldom focuses on glass work alone; corroded frames and mounting hardware frequently require attention. Decisions about whether to repair or to replace corroded metal are driven by budget constraints, the visible importance of a feature and the long-term stability of the sign. For example, extensive frame corrosion might demand structural reinforcement that absorbs a significant portion of the $7,500 budget, leaving less for full historic gas refills or elaborate glass restoration. In practice, conservators prioritise interventions that reduce immediate risks to public safety while attempting to retain as much original fabric as possible, and they document all choices in case future funding permits further treatment.

Regulatory oversight affects both the schedule and the methods used. The Landmarks Commission's permit process typically requires a written proposal, photographs, and occasionally tests of materials before approval, all to be completed within the 30-day window described by the client brief. Working nights usually means arranging additional notifications for nearby residents and coordinating with local authorities about lane closures or sidewalk protection. Failure to adhere to permit conditions can result in fines or orders to undo work, so conservators maintain detailed logs and retain samples where necessary to demonstrate that accepted conservation methods were followed.

Nighttime skylifts and work platforms are standard tools for marquee conservation in dense urban contexts, but they introduce their own logistical demands. Operators must balance the limited hours available under the permit with weather forecasts and the variable availability of certified lift drivers. Safety procedures are rigorous: personal fall arrest systems, lockout-tagout for electrical circuits, and protocols for handling any mercury-contaminated materials. Teams are usually lean - a conservator, an assistant, an electrician and a lift operator - so coordination and rapid decision-making are essential when unexpected problems arise after a tube is removed or a rusty bracket fails.

Ultimately, conserving a 1920s neon marquee in Manhattan is an exercise in balancing heritage values, safety and finite resources. Within the $7,500 per-sign budget and a 30-day permit window, conservators must choose interventions that protect the sign's character and ensure it will remain a readable element of the streetscape for years to come. Negotiation with theatre owners, permit officers and fellow tradespeople is therefore as important as glass-bending technique or gas-handling expertise when the sign lights up again over the theatre entrance.",Oxy-propane torches provide a controllable ___ that most conservators prefer for reheating delicate hand-blown glass.,,flame,B2,vocabulary,B2,No change -- confirmed B2: The question utilizes specialized technical vocabulary and requires contextual inference related to a specific professional field.,FLAG,none,recall,"The question is a fill-in-the-blank task that requires retrieving a specific word from the text, which corresponds to 'recall' (verbatim lookup) rather than 'vocabulary' (meaning of a word).",-1,-1,-1,-1,none,none,pass,REJECT,REJECT -- content: accuracy could not be determined; grammar score could not be determined; clarity could not be determined; completeness could not be determined
4fe5d1c4-94c0-4048-b11c-ef79d07e7fab,e0a1ab1e-1a5a-48f1-9ad4-ddd5b4039ff0,reading,fill_up,"Working as a licensed neon sign conservator in Manhattan's Theater District demands a mix of technical skill, diplomatic negotiation and careful scheduling. Many marquees date from the 1920s and are both fragile and historically significant, so interventions are planned to preserve original materials whenever possible. Conservators often work at night to reduce disruption to traffic and performances, and they must complete visible work within a strict 30-day NYC Landmarks Commission permit window. At the same time, the practical reality of a $7,500 per-sign conservation budget constrains which treatments can be undertaken in any single campaign.

The core technical tasks involve oxy-propane glass-bending and the handling of gas fillings such as mercury and argon in vintage tubes. Oxy-propane torches provide a controllable flame that most conservators prefer for reheating delicate hand-blown glass without causing rapid thermal shock. Many 1920s tubes were originally filled with a small quantity of mercury to improve conductivity or argon to change colour, and refilling or safe removal requires both precision and compliance with hazardous-material guidelines. Conservators therefore combine hand skills with instruments for measuring internal pressure and gas purity, and they typically anneal joints carefully so that repaired sections match the optical character of the originals.

A marquee conservation project seldom focuses on glass work alone; corroded frames and mounting hardware frequently require attention. Decisions about whether to repair or to replace corroded metal are driven by budget constraints, the visible importance of a feature and the long-term stability of the sign. For example, extensive frame corrosion might demand structural reinforcement that absorbs a significant portion of the $7,500 budget, leaving less for full historic gas refills or elaborate glass restoration. In practice, conservators prioritise interventions that reduce immediate risks to public safety while attempting to retain as much original fabric as possible, and they document all choices in case future funding permits further treatment.

Regulatory oversight affects both the schedule and the methods used. The Landmarks Commission's permit process typically requires a written proposal, photographs, and occasionally tests of materials before approval, all to be completed within the 30-day window described by the client brief. Working nights usually means arranging additional notifications for nearby residents and coordinating with local authorities about lane closures or sidewalk protection. Failure to adhere to permit conditions can result in fines or orders to undo work, so conservators maintain detailed logs and retain samples where necessary to demonstrate that accepted conservation methods were followed.

Nighttime skylifts and work platforms are standard tools for marquee conservation in dense urban contexts, but they introduce their own logistical demands. Operators must balance the limited hours available under the permit with weather forecasts and the variable availability of certified lift drivers. Safety procedures are rigorous: personal fall arrest systems, lockout-tagout for electrical circuits, and protocols for handling any mercury-contaminated materials. Teams are usually lean - a conservator, an assistant, an electrician and a lift operator - so coordination and rapid decision-making are essential when unexpected problems arise after a tube is removed or a rusty bracket fails.

Ultimately, conserving a 1920s neon marquee in Manhattan is an exercise in balancing heritage values, safety and finite resources. Within the $7,500 per-sign budget and a 30-day permit window, conservators must choose interventions that protect the sign's character and ensure it will remain a readable element of the streetscape for years to come. Negotiation with theatre owners, permit officers and fellow tradespeople is therefore as important as glass-bending technique or gas-handling expertise when the sign lights up again over the theatre entrance.",Conservators must complete visible work within a strict ___ NYC Landmarks Commission permit window.,,30-day,B2,comprehension,B2,"No change -- confirmed B2: The question requires understanding specialized professional vocabulary and extracting a specific detail from a complex, non-routine text.",FLAG,none,comprehension,The question requires connecting two separate facts: that visible work must be completed during the permit period and that the permit period is 30 days long.,100,-1,-1,-1,none,none,pass,REJECT,REJECT -- content: grammar score could not be determined; clarity could not be determined; completeness could not be determined
1b2e8930-2590-4017-a178-6807e5350e17,978a62c5-0698-437d-910b-c212931e8e39,reading,true_false,"Every night I take up a five-hour sampling shift beneath the neon canopy of Phnom Penh's busiest night markets. Contracted by a small NGO but functioning as a municipal auditor, my remit is narrowly focused: measure and reduce waste from seafood stalls and street-snack vendors while testing small-scale circular interventions. The work is practical and observational, yet it requires a methodical approach. Night markets are dynamic environments where goods, people and weather interact unpredictably, and any program that aims to change behaviour must start with reliable, repeatable data gathered on a modest budget.

An equipment budget of $800 per month shapes every decision I make. With limited funds I have prioritised thermometers, lightweight insulated boxes, reusable gel ice packs, digital scales and sealable sample bags. These items support what I call cold-chain hacks: inexpensive ways to slow spoilage without industrial refrigeration. Pre-chilling reusable containers, rotating ice packs between stalls and using shade or tarpaulins during monsoon storms all extend product life when electricity or formal cold storage is unavailable. I have also allocated modest sums for micro-compost bins and starter inoculants to pilot a biodegradable-waste stream, because diverting seafood scraps from landfill is an essential step in closing material loops.

Sampling methodology must balance rigour with sensitivity to vendors' concerns. I rotate stalls in a fixed pattern across the market during each five-hour shift to reduce selection bias and to avoid overburdening any single vendor. Consent is sought where possible, but there are many occasions when explicit participation is refused; in those instances I rely on observational metrics and anonymous sampling of discarded material. Vendor distrust is persistent and understandable: many see auditors as inspectors rather than partners, and they fear fines or disruption. Consequently, building rapport through repeated, transparent interactions and small demonstrations of benefit-such as showing how correct temperature control preserves taste and profit-has been as important as collecting temperature logs.

Monsoon-season logistics create additional constraints that are difficult to predict and costly to mitigate. Heavy rains complicate transport, damage low-cost insulation and increase the microbial risks associated with seafood waste. To manage this, I coordinate informally with the market's recycler networks, who often operate without formal contracts but with deep local knowledge of waste flows. These collectors can be critical allies: they retrieve organic material, transport it to decentralised micro-composting stations and, in return, receive small, conditional payments in a pilot pay-for-waste scheme. The pilot is intentionally experimental and flexible, using mobile payment transfers and simple record-keeping to trace who collects what, so that incentives can be adjusted according to real behaviour.

Early outcomes are tentative but informative. Preliminary metrics suggest modest reductions in visible spoilage when stalls adopt simple cold-chain practices and when collected organic waste is diverted promptly to micro-composting stations. However, the data are not yet sufficient to claim causality, and ongoing challenges remain: sustaining vendor cooperation, scaling payments within a tiny budget envelope and protecting equipment during monsoon surges. If these pilot strategies can be refined, they may provide replicable protocols for other urban markets faced with similar constraints.

Optimising a circular food economy in an informal market setting requires more than technical hacks; it demands attention to social relations, policy interfaces and incremental funding models. Small investments in appropriately designed equipment, combined with careful sampling and local partnership with recycler networks, can create persuasive evidence that motivates wider change. My nightly audits therefore serve both as a data-collection exercise and a living pilot that tests whether practical, low-cost cold-chain solutions and pay-for-waste incentives can shift behaviour in favour of less spoilage and more reuse.",The author's nightly five-hour inspections are carried out to compile consistent measurements aimed at lowering seafood spoilage and trialling low-cost circular practices in Phnom Penh's night markets.,True|False|Not Given,TRUE,B2,comprehension,B2,No change -- confirmed B2: The question requires the reader to recognize sophisticated paraphrasing and synthesize multiple specific details from a complex sentence.,FLAG,none,comprehension,"The question requires connecting multiple stated facts from the passage—such as the shift duration, the goal of measuring waste, and the testing of circular interventions—to verify the statement.",-1,-1,-1,-1,none,none,pass,REJECT,REJECT -- content: accuracy could not be determined; grammar score could not be determined; clarity could not be determined; completeness could not be determined
1b2e8930-2590-4017-a178-6807e5350e17,a6feda46-cc38-41e4-a3c2-caafaaef2a81,reading,true_false,"Every night I take up a five-hour sampling shift beneath the neon canopy of Phnom Penh's busiest night markets. Contracted by a small NGO but functioning as a municipal auditor, my remit is narrowly focused: measure and reduce waste from seafood stalls and street-snack vendors while testing small-scale circular interventions. The work is practical and observational, yet it requires a methodical approach. Night markets are dynamic environments where goods, people and weather interact unpredictably, and any program that aims to change behaviour must start with reliable, repeatable data gathered on a modest budget.

An equipment budget of $800 per month shapes every decision I make. With limited funds I have prioritised thermometers, lightweight insulated boxes, reusable gel ice packs, digital scales and sealable sample bags. These items support what I call cold-chain hacks: inexpensive ways to slow spoilage without industrial refrigeration. Pre-chilling reusable containers, rotating ice packs between stalls and using shade or tarpaulins during monsoon storms all extend product life when electricity or formal cold storage is unavailable. I have also allocated modest sums for micro-compost bins and starter inoculants to pilot a biodegradable-waste stream, because diverting seafood scraps from landfill is an essential step in closing material loops.

Sampling methodology must balance rigour with sensitivity to vendors' concerns. I rotate stalls in a fixed pattern across the market during each five-hour shift to reduce selection bias and to avoid overburdening any single vendor. Consent is sought where possible, but there are many occasions when explicit participation is refused; in those instances I rely on observational metrics and anonymous sampling of discarded material. Vendor distrust is persistent and understandable: many see auditors as inspectors rather than partners, and they fear fines or disruption. Consequently, building rapport through repeated, transparent interactions and small demonstrations of benefit-such as showing how correct temperature control preserves taste and profit-has been as important as collecting temperature logs.

Monsoon-season logistics create additional constraints that are difficult to predict and costly to mitigate. Heavy rains complicate transport, damage low-cost insulation and increase the microbial risks associated with seafood waste. To manage this, I coordinate informally with the market's recycler networks, who often operate without formal contracts but with deep local knowledge of waste flows. These collectors can be critical allies: they retrieve organic material, transport it to decentralised micro-composting stations and, in return, receive small, conditional payments in a pilot pay-for-waste scheme. The pilot is intentionally experimental and flexible, using mobile payment transfers and simple record-keeping to trace who collects what, so that incentives can be adjusted according to real behaviour.

Early outcomes are tentative but informative. Preliminary metrics suggest modest reductions in visible spoilage when stalls adopt simple cold-chain practices and when collected organic waste is diverted promptly to micro-composting stations. However, the data are not yet sufficient to claim causality, and ongoing challenges remain: sustaining vendor cooperation, scaling payments within a tiny budget envelope and protecting equipment during monsoon surges. If these pilot strategies can be refined, they may provide replicable protocols for other urban markets faced with similar constraints.

Optimising a circular food economy in an informal market setting requires more than technical hacks; it demands attention to social relations, policy interfaces and incremental funding models. Small investments in appropriately designed equipment, combined with careful sampling and local partnership with recycler networks, can create persuasive evidence that motivates wider change. My nightly audits therefore serve both as a data-collection exercise and a living pilot that tests whether practical, low-cost cold-chain solutions and pay-for-waste incentives can shift behaviour in favour of less spoilage and more reuse.",The monthly allocation for equipment that the project can spend is eight thousand US dollars.,True|False|Not Given,FALSE,B2,recall,B2,"No change -- confirmed B2: The question requires extracting a specific detail from a text that uses sophisticated vocabulary such as 'remit' and 'circular interventions,' which is characteristic of B2-level reading comprehension.",FLAG,none,recall,"The question asks to verify a specific factual detail (a dollar amount), which requires a verbatim lookup of information from the text.",-1,-1,-1,-1,none,none,pass,REJECT,REJECT -- content: accuracy could not be determined; grammar score could not be determined; clarity could not be determined; completeness could not be determined
1b2e8930-2590-4017-a178-6807e5350e17,bb8e302f-4855-438d-8cb3-fb568b9ea656,reading,true_false,"Every night I take up a five-hour sampling shift beneath the neon canopy of Phnom Penh's busiest night markets. Contracted by a small NGO but functioning as a municipal auditor, my remit is narrowly focused: measure and reduce waste from seafood stalls and street-snack vendors while testing small-scale circular interventions. The work is practical and observational, yet it requires a methodical approach. Night markets are dynamic environments where goods, people and weather interact unpredictably, and any program that aims to change behaviour must start with reliable, repeatable data gathered on a modest budget.

An equipment budget of $800 per month shapes every decision I make. With limited funds I have prioritised thermometers, lightweight insulated boxes, reusable gel ice packs, digital scales and sealable sample bags. These items support what I call cold-chain hacks: inexpensive ways to slow spoilage without industrial refrigeration. Pre-chilling reusable containers, rotating ice packs between stalls and using shade or tarpaulins during monsoon storms all extend product life when electricity or formal cold storage is unavailable. I have also allocated modest sums for micro-compost bins and starter inoculants to pilot a biodegradable-waste stream, because diverting seafood scraps from landfill is an essential step in closing material loops.

Sampling methodology must balance rigour with sensitivity to vendors' concerns. I rotate stalls in a fixed pattern across the market during each five-hour shift to reduce selection bias and to avoid overburdening any single vendor. Consent is sought where possible, but there are many occasions when explicit participation is refused; in those instances I rely on observational metrics and anonymous sampling of discarded material. Vendor distrust is persistent and understandable: many see auditors as inspectors rather than partners, and they fear fines or disruption. Consequently, building rapport through repeated, transparent interactions and small demonstrations of benefit-such as showing how correct temperature control preserves taste and profit-has been as important as collecting temperature logs.

Monsoon-season logistics create additional constraints that are difficult to predict and costly to mitigate. Heavy rains complicate transport, damage low-cost insulation and increase the microbial risks associated with seafood waste. To manage this, I coordinate informally with the market's recycler networks, who often operate without formal contracts but with deep local knowledge of waste flows. These collectors can be critical allies: they retrieve organic material, transport it to decentralised micro-composting stations and, in return, receive small, conditional payments in a pilot pay-for-waste scheme. The pilot is intentionally experimental and flexible, using mobile payment transfers and simple record-keeping to trace who collects what, so that incentives can be adjusted according to real behaviour.

Early outcomes are tentative but informative. Preliminary metrics suggest modest reductions in visible spoilage when stalls adopt simple cold-chain practices and when collected organic waste is diverted promptly to micro-composting stations. However, the data are not yet sufficient to claim causality, and ongoing challenges remain: sustaining vendor cooperation, scaling payments within a tiny budget envelope and protecting equipment during monsoon surges. If these pilot strategies can be refined, they may provide replicable protocols for other urban markets faced with similar constraints.

Optimising a circular food economy in an informal market setting requires more than technical hacks; it demands attention to social relations, policy interfaces and incremental funding models. Small investments in appropriately designed equipment, combined with careful sampling and local partnership with recycler networks, can create persuasive evidence that motivates wider change. My nightly audits therefore serve both as a data-collection exercise and a living pilot that tests whether practical, low-cost cold-chain solutions and pay-for-waste incentives can shift behaviour in favour of less spoilage and more reuse.",The author expects that the simple mobile payments and record-keeping used in the pilot will remain exactly the same if the programme is expanded with more funding.,True|False|Not Given,NOT GIVEN,B2,inference,B2,No change -- confirmed B2: The question requires the reader to distinguish between stated information and absent information (Not Given) using complex sentence structures and sophisticated vocabulary.,FLAG,none,inference,"The question asks for a conclusion regarding the author's unstated expectations, which falls under the category of an unstated conclusion.",-1,-1,-1,-1,none,none,pass,REJECT,REJECT -- content: accuracy could not be determined; grammar score could not be determined; clarity could not be determined; completeness could not be determined
1b2e8930-2590-4017-a178-6807e5350e17,d0b62ecd-6225-423d-975b-5f736ec0312d,reading,fill_up,"Every night I take up a five-hour sampling shift beneath the neon canopy of Phnom Penh's busiest night markets. Contracted by a small NGO but functioning as a municipal auditor, my remit is narrowly focused: measure and reduce waste from seafood stalls and street-snack vendors while testing small-scale circular interventions. The work is practical and observational, yet it requires a methodical approach. Night markets are dynamic environments where goods, people and weather interact unpredictably, and any program that aims to change behaviour must start with reliable, repeatable data gathered on a modest budget.

An equipment budget of $800 per month shapes every decision I make. With limited funds I have prioritised thermometers, lightweight insulated boxes, reusable gel ice packs, digital scales and sealable sample bags. These items support what I call cold-chain hacks: inexpensive ways to slow spoilage without industrial refrigeration. Pre-chilling reusable containers, rotating ice packs between stalls and using shade or tarpaulins during monsoon storms all extend product life when electricity or formal cold storage is unavailable. I have also allocated modest sums for micro-compost bins and starter inoculants to pilot a biodegradable-waste stream, because diverting seafood scraps from landfill is an essential step in closing material loops.

Sampling methodology must balance rigour with sensitivity to vendors' concerns. I rotate stalls in a fixed pattern across the market during each five-hour shift to reduce selection bias and to avoid overburdening any single vendor. Consent is sought where possible, but there are many occasions when explicit participation is refused; in those instances I rely on observational metrics and anonymous sampling of discarded material. Vendor distrust is persistent and understandable: many see auditors as inspectors rather than partners, and they fear fines or disruption. Consequently, building rapport through repeated, transparent interactions and small demonstrations of benefit-such as showing how correct temperature control preserves taste and profit-has been as important as collecting temperature logs.

Monsoon-season logistics create additional constraints that are difficult to predict and costly to mitigate. Heavy rains complicate transport, damage low-cost insulation and increase the microbial risks associated with seafood waste. To manage this, I coordinate informally with the market's recycler networks, who often operate without formal contracts but with deep local knowledge of waste flows. These collectors can be critical allies: they retrieve organic material, transport it to decentralised micro-composting stations and, in return, receive small, conditional payments in a pilot pay-for-waste scheme. The pilot is intentionally experimental and flexible, using mobile payment transfers and simple record-keeping to trace who collects what, so that incentives can be adjusted according to real behaviour.

Early outcomes are tentative but informative. Preliminary metrics suggest modest reductions in visible spoilage when stalls adopt simple cold-chain practices and when collected organic waste is diverted promptly to micro-composting stations. However, the data are not yet sufficient to claim causality, and ongoing challenges remain: sustaining vendor cooperation, scaling payments within a tiny budget envelope and protecting equipment during monsoon surges. If these pilot strategies can be refined, they may provide replicable protocols for other urban markets faced with similar constraints.

Optimising a circular food economy in an informal market setting requires more than technical hacks; it demands attention to social relations, policy interfaces and incremental funding models. Small investments in appropriately designed equipment, combined with careful sampling and local partnership with recycler networks, can create persuasive evidence that motivates wider change. My nightly audits therefore serve both as a data-collection exercise and a living pilot that tests whether practical, low-cost cold-chain solutions and pay-for-waste incentives can shift behaviour in favour of less spoilage and more reuse.",The author labels inexpensive ways to slow spoilage without industrial refrigeration as ___ and says they extend ___ when electricity is unavailable.,,cold-chain hacks; product life,B2,vocabulary,C1,"Changed from B2 to C1: The question requires identifying specific, nuanced, and potentially idiomatic terminology ('cold-chain hacks') within a complex context, which is characteristic of advanced reading comprehension.",PASS,none,recall,"The question asks for the specific terms used by the author to label a concept, which requires a verbatim lookup of the text (recall) rather than identifying the meaning of a word (vocabulary).",100,0,4,5,none,none,pass,REVIEW,REVIEW -- predicted CEFR level did not match labeled level
1b2e8930-2590-4017-a178-6807e5350e17,3928875f-4078-4e3d-948f-b7249a0e32f4,reading,fill_up,"Every night I take up a five-hour sampling shift beneath the neon canopy of Phnom Penh's busiest night markets. Contracted by a small NGO but functioning as a municipal auditor, my remit is narrowly focused: measure and reduce waste from seafood stalls and street-snack vendors while testing small-scale circular interventions. The work is practical and observational, yet it requires a methodical approach. Night markets are dynamic environments where goods, people and weather interact unpredictably, and any program that aims to change behaviour must start with reliable, repeatable data gathered on a modest budget.

An equipment budget of $800 per month shapes every decision I make. With limited funds I have prioritised thermometers, lightweight insulated boxes, reusable gel ice packs, digital scales and sealable sample bags. These items support what I call cold-chain hacks: inexpensive ways to slow spoilage without industrial refrigeration. Pre-chilling reusable containers, rotating ice packs between stalls and using shade or tarpaulins during monsoon storms all extend product life when electricity or formal cold storage is unavailable. I have also allocated modest sums for micro-compost bins and starter inoculants to pilot a biodegradable-waste stream, because diverting seafood scraps from landfill is an essential step in closing material loops.

Sampling methodology must balance rigour with sensitivity to vendors' concerns. I rotate stalls in a fixed pattern across the market during each five-hour shift to reduce selection bias and to avoid overburdening any single vendor. Consent is sought where possible, but there are many occasions when explicit participation is refused; in those instances I rely on observational metrics and anonymous sampling of discarded material. Vendor distrust is persistent and understandable: many see auditors as inspectors rather than partners, and they fear fines or disruption. Consequently, building rapport through repeated, transparent interactions and small demonstrations of benefit-such as showing how correct temperature control preserves taste and profit-has been as important as collecting temperature logs.

Monsoon-season logistics create additional constraints that are difficult to predict and costly to mitigate. Heavy rains complicate transport, damage low-cost insulation and increase the microbial risks associated with seafood waste. To manage this, I coordinate informally with the market's recycler networks, who often operate without formal contracts but with deep local knowledge of waste flows. These collectors can be critical allies: they retrieve organic material, transport it to decentralised micro-composting stations and, in return, receive small, conditional payments in a pilot pay-for-waste scheme. The pilot is intentionally experimental and flexible, using mobile payment transfers and simple record-keeping to trace who collects what, so that incentives can be adjusted according to real behaviour.

Early outcomes are tentative but informative. Preliminary metrics suggest modest reductions in visible spoilage when stalls adopt simple cold-chain practices and when collected organic waste is diverted promptly to micro-composting stations. However, the data are not yet sufficient to claim causality, and ongoing challenges remain: sustaining vendor cooperation, scaling payments within a tiny budget envelope and protecting equipment during monsoon surges. If these pilot strategies can be refined, they may provide replicable protocols for other urban markets faced with similar constraints.

Optimising a circular food economy in an informal market setting requires more than technical hacks; it demands attention to social relations, policy interfaces and incremental funding models. Small investments in appropriately designed equipment, combined with careful sampling and local partnership with recycler networks, can create persuasive evidence that motivates wider change. My nightly audits therefore serve both as a data-collection exercise and a living pilot that tests whether practical, low-cost cold-chain solutions and pay-for-waste incentives can shift behaviour in favour of less spoilage and more reuse.",The pilot uses mobile ___ and simple ___ to trace who collects what in the pay-for-waste scheme.,,payment transfers; record-keeping,B2,comprehension,B2,"No change -- confirmed B2: The question requires extracting specific technical details from a text that utilizes sophisticated, professional vocabulary such as 'municipal auditor' and 'circular interventions'.",FLAG,none,comprehension,"The question requires connecting the context of the described pilot program to its functional mechanisms, which involves understanding the relationship between the stated facts.",-1,-1,-1,-1,none,none,pass,REJECT,REJECT -- content: accuracy could not be determined; grammar score could not be determined; clarity could not be determined; completeness could not be determined
a60c7272-5c6a-4090-a2f1-73750b9ab593,8f4f041f-e9b8-4d8a-8aab-00a8ff604529,reading,true_false,"I work as the field coordinator for the Kibera Solar Co-op. My job is to lead local installers to retrofit tin-roof kiosks and homes with small lithium-ion rooftop microgrids. The pilot project has a strict $25,000 budget and a three-month rainy-season window for installation. The municipal rules about net-metering, which is the ability to sell extra solar power back to the city grid, are unclear. These limits - money, time and ambiguous rules - shape every technical and social choice we make.

The technical design must be simple and robust. We use lithium-ion batteries because they store more energy in less space and last longer than lead-acid batteries. Each rooftop system includes panels, a battery, an inverter and a pay-as-you-go (PAYG) meter. A PAYG meter is a prepay system: customers buy credit and the meter allows energy until the credit runs out. To increase reliability we plan an inverter cascade, which means using two or three smaller inverters together rather than one large device. An inverter cascade lets us add capacity later and keeps some power flowing if one inverter fails. Theft-proof mounts and locked enclosures for batteries are essential, because theft of panels and batteries is common in informal settlements.

Money is tight, so we must balance cost and reach. With $25,000 we aim to retrofit about fifty small kiosks and homes at roughly $400 per site, leaving funds for training, tools and a small contingency. This estimate forces choices: cheaper mounts might save cash now but cost more in replacements; higher-quality meters reduce disputes but increase upfront cost. We work with microfinance agents who manage small loans and collect PAYG payments. These agents help customers buy systems in installments, reducing the immediate burden on families while ensuring ongoing revenue for maintenance.

The three-month rainy season shapes the schedule. Tin roofs are slippery and dangerous when wet, so we prioritise kiosks that sell and store dry goods first, then homes with solid access. Installers work in teams with a local safety supervisor to finish outdoor work before heavy rains begin. Because municipal net-metering rules are ambiguous, we design systems to operate as isolated microgrids now but leave space in the inverter cascade for a future grid connection. This means small extra wiring and documentation so that, if rules change, systems can be upgraded without full replacement.

Beyond hardware, social work matters. Communal load disputes arise when neighbors share a circuit or a kiosk sells power to others. We resolve these problems with clear contracts, community meetings and simple bylaws about charge times and priority users. Training local installers and microfinance agents builds trust and creates jobs. In the end, the project is a balance of technical solutions, careful budgeting and social agreements to keep power working and safe under real constraints.","The pilot project's main difficulty is delivering rooftop solar systems in Kibera while dealing with limited funds, a short installation season, and unclear city rules.",True|False|Not Given,TRUE,B1,comprehension,B2,"Changed from B1 to B2: The text uses professional terminology and the question requires synthesizing multiple specific logistical constraints, which is characteristic of B2-level reading comprehension.",PASS,none,comprehension,"The question requires connecting multiple stated facts, such as the budget and the installation window, to understand the project's constraints.",100,0,4,4,none,none,pass,REVIEW,REVIEW -- predicted CEFR level did not match labeled level
a60c7272-5c6a-4090-a2f1-73750b9ab593,b03bec38-03c4-44ec-b873-52c917b17239,reading,true_false,"I work as the field coordinator for the Kibera Solar Co-op. My job is to lead local installers to retrofit tin-roof kiosks and homes with small lithium-ion rooftop microgrids. The pilot project has a strict $25,000 budget and a three-month rainy-season window for installation. The municipal rules about net-metering, which is the ability to sell extra solar power back to the city grid, are unclear. These limits - money, time and ambiguous rules - shape every technical and social choice we make.

The technical design must be simple and robust. We use lithium-ion batteries because they store more energy in less space and last longer than lead-acid batteries. Each rooftop system includes panels, a battery, an inverter and a pay-as-you-go (PAYG) meter. A PAYG meter is a prepay system: customers buy credit and the meter allows energy until the credit runs out. To increase reliability we plan an inverter cascade, which means using two or three smaller inverters together rather than one large device. An inverter cascade lets us add capacity later and keeps some power flowing if one inverter fails. Theft-proof mounts and locked enclosures for batteries are essential, because theft of panels and batteries is common in informal settlements.

Money is tight, so we must balance cost and reach. With $25,000 we aim to retrofit about fifty small kiosks and homes at roughly $400 per site, leaving funds for training, tools and a small contingency. This estimate forces choices: cheaper mounts might save cash now but cost more in replacements; higher-quality meters reduce disputes but increase upfront cost. We work with microfinance agents who manage small loans and collect PAYG payments. These agents help customers buy systems in installments, reducing the immediate burden on families while ensuring ongoing revenue for maintenance.

The three-month rainy season shapes the schedule. Tin roofs are slippery and dangerous when wet, so we prioritise kiosks that sell and store dry goods first, then homes with solid access. Installers work in teams with a local safety supervisor to finish outdoor work before heavy rains begin. Because municipal net-metering rules are ambiguous, we design systems to operate as isolated microgrids now but leave space in the inverter cascade for a future grid connection. This means small extra wiring and documentation so that, if rules change, systems can be upgraded without full replacement.

Beyond hardware, social work matters. Communal load disputes arise when neighbors share a circuit or a kiosk sells power to others. We resolve these problems with clear contracts, community meetings and simple bylaws about charge times and priority users. Training local installers and microfinance agents builds trust and creates jobs. In the end, the project is a balance of technical solutions, careful budgeting and social agreements to keep power working and safe under real constraints.","The project's $25,000 budget is expected to cover retrofitting about one hundred small kiosks and homes.",True|False|Not Given,FALSE,B1,recall,B2,Changed from B1 to B2: The text contains specialized technical vocabulary such as 'retrofit' and 'microgrids' and requires the reader to carefully verify specific details against the provided information.,FLAG,none,recall,The question requires a verbatim lookup of the specific budget amount mentioned in the text to verify the statement.,100,1,4,5,none,none,pass,REJECT,REJECT -- content: 1 grammar error(s) found
a60c7272-5c6a-4090-a2f1-73750b9ab593,e4fb815c-e9de-4077-b89e-90ffcacf62e6,reading,true_false,"I work as the field coordinator for the Kibera Solar Co-op. My job is to lead local installers to retrofit tin-roof kiosks and homes with small lithium-ion rooftop microgrids. The pilot project has a strict $25,000 budget and a three-month rainy-season window for installation. The municipal rules about net-metering, which is the ability to sell extra solar power back to the city grid, are unclear. These limits - money, time and ambiguous rules - shape every technical and social choice we make.

The technical design must be simple and robust. We use lithium-ion batteries because they store more energy in less space and last longer than lead-acid batteries. Each rooftop system includes panels, a battery, an inverter and a pay-as-you-go (PAYG) meter. A PAYG meter is a prepay system: customers buy credit and the meter allows energy until the credit runs out. To increase reliability we plan an inverter cascade, which means using two or three smaller inverters together rather than one large device. An inverter cascade lets us add capacity later and keeps some power flowing if one inverter fails. Theft-proof mounts and locked enclosures for batteries are essential, because theft of panels and batteries is common in informal settlements.

Money is tight, so we must balance cost and reach. With $25,000 we aim to retrofit about fifty small kiosks and homes at roughly $400 per site, leaving funds for training, tools and a small contingency. This estimate forces choices: cheaper mounts might save cash now but cost more in replacements; higher-quality meters reduce disputes but increase upfront cost. We work with microfinance agents who manage small loans and collect PAYG payments. These agents help customers buy systems in installments, reducing the immediate burden on families while ensuring ongoing revenue for maintenance.

The three-month rainy season shapes the schedule. Tin roofs are slippery and dangerous when wet, so we prioritise kiosks that sell and store dry goods first, then homes with solid access. Installers work in teams with a local safety supervisor to finish outdoor work before heavy rains begin. Because municipal net-metering rules are ambiguous, we design systems to operate as isolated microgrids now but leave space in the inverter cascade for a future grid connection. This means small extra wiring and documentation so that, if rules change, systems can be upgraded without full replacement.

Beyond hardware, social work matters. Communal load disputes arise when neighbors share a circuit or a kiosk sells power to others. We resolve these problems with clear contracts, community meetings and simple bylaws about charge times and priority users. Training local installers and microfinance agents builds trust and creates jobs. In the end, the project is a balance of technical solutions, careful budgeting and social agreements to keep power working and safe under real constraints.",Most local people do not want to use the pay-as-you-go meters for their new systems.,True|False|Not Given,NOT GIVEN,B1,inference,B1,No change -- confirmed B1: The text uses specialized vocabulary and requires the reader to recognize that specific information regarding local preferences is absent from the passage.,FLAG,none,inference,"The question asks about local people's preferences, which is not mentioned in the text, requiring the reader to conclude that the information is absent.",-1,-1,-1,-1,none,none,pass,REJECT,REJECT -- content: accuracy could not be determined; grammar score could not be determined; clarity could not be determined; completeness could not be determined
a60c7272-5c6a-4090-a2f1-73750b9ab593,743fa8f2-30a9-4043-a255-ecea2f0a9cc8,reading,mcq,"I work as the field coordinator for the Kibera Solar Co-op. My job is to lead local installers to retrofit tin-roof kiosks and homes with small lithium-ion rooftop microgrids. The pilot project has a strict $25,000 budget and a three-month rainy-season window for installation. The municipal rules about net-metering, which is the ability to sell extra solar power back to the city grid, are unclear. These limits - money, time and ambiguous rules - shape every technical and social choice we make.

The technical design must be simple and robust. We use lithium-ion batteries because they store more energy in less space and last longer than lead-acid batteries. Each rooftop system includes panels, a battery, an inverter and a pay-as-you-go (PAYG) meter. A PAYG meter is a prepay system: customers buy credit and the meter allows energy until the credit runs out. To increase reliability we plan an inverter cascade, which means using two or three smaller inverters together rather than one large device. An inverter cascade lets us add capacity later and keeps some power flowing if one inverter fails. Theft-proof mounts and locked enclosures for batteries are essential, because theft of panels and batteries is common in informal settlements.

Money is tight, so we must balance cost and reach. With $25,000 we aim to retrofit about fifty small kiosks and homes at roughly $400 per site, leaving funds for training, tools and a small contingency. This estimate forces choices: cheaper mounts might save cash now but cost more in replacements; higher-quality meters reduce disputes but increase upfront cost. We work with microfinance agents who manage small loans and collect PAYG payments. These agents help customers buy systems in installments, reducing the immediate burden on families while ensuring ongoing revenue for maintenance.

The three-month rainy season shapes the schedule. Tin roofs are slippery and dangerous when wet, so we prioritise kiosks that sell and store dry goods first, then homes with solid access. Installers work in teams with a local safety supervisor to finish outdoor work before heavy rains begin. Because municipal net-metering rules are ambiguous, we design systems to operate as isolated microgrids now but leave space in the inverter cascade for a future grid connection. This means small extra wiring and documentation so that, if rules change, systems can be upgraded without full replacement.

Beyond hardware, social work matters. Communal load disputes arise when neighbors share a circuit or a kiosk sells power to others. We resolve these problems with clear contracts, community meetings and simple bylaws about charge times and priority users. Training local installers and microfinance agents builds trust and creates jobs. In the end, the project is a balance of technical solutions, careful budgeting and social agreements to keep power working and safe under real constraints.",What is the meaning of 'inverter cascade' as used in the passage?,A system that links many houses to the city electricity grid|Using two or three smaller inverters together instead of one large one|A backup battery that powers the inverter during rain|A type of theft-proof mounting for solar panels,Using two or three smaller inverters together instead of one large one,B1,vocabulary,B2,"Changed from B1 to B2: The question requires understanding a specialized technical term within a complex, topical context, which aligns with the B2 ability to understand technical discussions in a specific field.",FLAG,none,vocabulary,"The question asks for the meaning of a specific term, 'inverter cascade', which directly aligns with the vocabulary classification.",-1,-1,-1,-1,weak_distractors,requires_specialist_knowledge,requires_specialist_knowledge,REJECT,REJECT -- content: accuracy could not be determined; grammar score could not be determined; clarity could not be determined; completeness could not be determined; construction: weak_distractors; fairness: requires_specialist_knowledge
a60c7272-5c6a-4090-a2f1-73750b9ab593,cb5826ce-86b8-4a80-8544-c2e162a1cd24,reading,mcq,"I work as the field coordinator for the Kibera Solar Co-op. My job is to lead local installers to retrofit tin-roof kiosks and homes with small lithium-ion rooftop microgrids. The pilot project has a strict $25,000 budget and a three-month rainy-season window for installation. The municipal rules about net-metering, which is the ability to sell extra solar power back to the city grid, are unclear. These limits - money, time and ambiguous rules - shape every technical and social choice we make.

The technical design must be simple and robust. We use lithium-ion batteries because they store more energy in less space and last longer than lead-acid batteries. Each rooftop system includes panels, a battery, an inverter and a pay-as-you-go (PAYG) meter. A PAYG meter is a prepay system: customers buy credit and the meter allows energy until the credit runs out. To increase reliability we plan an inverter cascade, which means using two or three smaller inverters together rather than one large device. An inverter cascade lets us add capacity later and keeps some power flowing if one inverter fails. Theft-proof mounts and locked enclosures for batteries are essential, because theft of panels and batteries is common in informal settlements.

Money is tight, so we must balance cost and reach. With $25,000 we aim to retrofit about fifty small kiosks and homes at roughly $400 per site, leaving funds for training, tools and a small contingency. This estimate forces choices: cheaper mounts might save cash now but cost more in replacements; higher-quality meters reduce disputes but increase upfront cost. We work with microfinance agents who manage small loans and collect PAYG payments. These agents help customers buy systems in installments, reducing the immediate burden on families while ensuring ongoing revenue for maintenance.

The three-month rainy season shapes the schedule. Tin roofs are slippery and dangerous when wet, so we prioritise kiosks that sell and store dry goods first, then homes with solid access. Installers work in teams with a local safety supervisor to finish outdoor work before heavy rains begin. Because municipal net-metering rules are ambiguous, we design systems to operate as isolated microgrids now but leave space in the inverter cascade for a future grid connection. This means small extra wiring and documentation so that, if rules change, systems can be upgraded without full replacement.

Beyond hardware, social work matters. Communal load disputes arise when neighbors share a circuit or a kiosk sells power to others. We resolve these problems with clear contracts, community meetings and simple bylaws about charge times and priority users. Training local installers and microfinance agents builds trust and creates jobs. In the end, the project is a balance of technical solutions, careful budgeting and social agreements to keep power working and safe under real constraints.",Which sites are given priority for installation during the three-month rainy season?,"Homes with thin tin roofs first, then kiosks with many customers|Kiosks that sell and store dry goods first, then homes with solid access|Any site that can be connected to the city grid immediately|Sites nearest the microfinance agents to make payments easier","Kiosks that sell and store dry goods first, then homes with solid access",B1,comprehension,B1,"No change -- confirmed B1: The question requires the reader to scan a text and extract specific factual details using standard professional vocabulary, which is a typical B1 reading task.",FLAG,none,comprehension,The question requires connecting the stated fact of the rainy season with the specific types of sites mentioned to determine the priority order.,-1,-1,-1,-1,none,none,pass,REJECT,REJECT -- content: accuracy could not be determined; grammar score could not be determined; clarity could not be determined; completeness could not be determined
5011deb3-3517-4ec0-829c-bdd58d70690c,0d02a4bc-f0fe-48d6-a3f8-510c69989243,reading,mcq,"As a licensed neon sign conservator in Manhattan's Theater District, I routinely work on illuminated marquees that date from the 1920s. These signs are historically significant and attract public attention, but conserving them involves strict constraints. Each marquee project generally has a firm conservation budget of $7,500 and must proceed under a 30-day permit issued by the New York City Landmarks Commission. To reduce disruption and meet inspection deadlines, many repairs are scheduled at midnight using skylifts and temporary lighting.

The core technical skills for this work include oxy-propane glass-bending and the careful handling of mercury/argon refills for older tubes. Oxy-propane torches allow precise heating and shaping of thick, century-old glass; this technique is essential to match the original contours and colour segmentation. For gas refills, 1920s tubes commonly contain a mercury/argon mixture that contributes to their particular glow and intensity. Conservators must weigh the visual fidelity of using mercury against health and environmental concerns; in some cases, inert gas-only refills are chosen, although they may change brightness or hue. Before refilling, tubes are tested with low-voltage trials and, where available, spectrometric checks to confirm colour and output. Apprentices and I undergo regular safety training for mercury handling and torch techniques, because errors can be costly and dangerous.

Frames and support structures present a different set of problems. Corrosion, metal fatigue and previous inappropriate repairs are frequent, and they can threaten both the sign and building fabric. Stabilising a corroded frame often requires targeted welding, application of corrosion inhibitors, and repainting with historically appropriate finishes. Because the Landmarks Commission emphasizes reversibility and minimal intervention, I often use bolted plates or removable brackets instead of permanent replacement when feasible. I also consider compatibility between new fasteners and original metals to avoid accelerated galvanic corrosion; when replacement is necessary, materials are chosen for long-term stability and visual compatibility. Detailed photographic records, material analysis and a schedule for post-repair monitoring are prepared to justify proposed treatments and to detect any early deterioration.

Logistics are critical within the 30-day permit window. Night shifts reduce sidewalk closures and audience disruption, but they add complexity: skylift rental, extended lighting, and safety supervision are necessary. A typical per-sign budget is allocated roughly as follows: skylift and rigging $2,000; materials including glass, gas and sealing compounds $1,800; specialist labour and after-hours premiums $2,500; and a contingency for unexpected stabilisation or permit fees $1,200. These figures total the $7,500 cap, so any delay or unforeseen corrosion can force difficult choices, such as deferring cosmetic repainting in favour of structural safety. The Landmarks Commission typically requires a mid-project inspection and advance notification before major alterations; extensions to the 30-day window can be granted, but requests must be well documented and justified.

Decision-making requires negotiation with multiple stakeholders. The Landmarks Commission must approve visible changes, the building owner may prioritise rapid reopening, and theatre operators want predictable schedules. When mercury handling is involved, environmental health officers also have a say. Therefore, I typically present a phased plan that separates urgent mechanical stabilization from later aesthetic conservation. This phased approach often secures permission to work within the 30-day window while allowing follow-up treatments if additional funding becomes available, and it reduces the likelihood of permit refusals or costly rework.

The combination of technical craft, regulatory compliance and tight budgets makes marquee conservation both demanding and rewarding. Working at midnight in the theater district, balancing oxy-propane glass-bending with careful gas refills and frame remediation, requires adaptability and clear documentation. Ultimately, the goal is to preserve the sign's historical character and public value while meeting modern safety and environmental standards within the constraints of a $7,500 budget and the Landmarks Commission's 30-day permit.","According to the passage, what is the primary subject the author discusses?",The history of Manhattan's Theatre District and its 1920s architecture.|Practical methods and constraints involved in conserving 1920s neon marquees.|The economic impact of theatre closures on Broadway businesses.|Modern alternatives to neon signage for contemporary theatres.,Practical methods and constraints involved in conserving 1920s neon marquees.,B2,comprehension,B1,"Changed from B2 to B1: The question requires identifying the main idea of a clear, standard text with relatively straightforward vocabulary.",FLAG,none,comprehension,The question requires synthesizing the stated facts about the author's profession and the nature of the work to identify the main subject.,-1,0,2,5,none,none,pass,REJECT,REJECT -- content: accuracy could not be determined; clarity below target (2 < 4)
5011deb3-3517-4ec0-829c-bdd58d70690c,24f55a39-0569-4ace-8eb5-7be6c01f0022,reading,mcq,"As a licensed neon sign conservator in Manhattan's Theater District, I routinely work on illuminated marquees that date from the 1920s. These signs are historically significant and attract public attention, but conserving them involves strict constraints. Each marquee project generally has a firm conservation budget of $7,500 and must proceed under a 30-day permit issued by the New York City Landmarks Commission. To reduce disruption and meet inspection deadlines, many repairs are scheduled at midnight using skylifts and temporary lighting.

The core technical skills for this work include oxy-propane glass-bending and the careful handling of mercury/argon refills for older tubes. Oxy-propane torches allow precise heating and shaping of thick, century-old glass; this technique is essential to match the original contours and colour segmentation. For gas refills, 1920s tubes commonly contain a mercury/argon mixture that contributes to their particular glow and intensity. Conservators must weigh the visual fidelity of using mercury against health and environmental concerns; in some cases, inert gas-only refills are chosen, although they may change brightness or hue. Before refilling, tubes are tested with low-voltage trials and, where available, spectrometric checks to confirm colour and output. Apprentices and I undergo regular safety training for mercury handling and torch techniques, because errors can be costly and dangerous.

Frames and support structures present a different set of problems. Corrosion, metal fatigue and previous inappropriate repairs are frequent, and they can threaten both the sign and building fabric. Stabilising a corroded frame often requires targeted welding, application of corrosion inhibitors, and repainting with historically appropriate finishes. Because the Landmarks Commission emphasizes reversibility and minimal intervention, I often use bolted plates or removable brackets instead of permanent replacement when feasible. I also consider compatibility between new fasteners and original metals to avoid accelerated galvanic corrosion; when replacement is necessary, materials are chosen for long-term stability and visual compatibility. Detailed photographic records, material analysis and a schedule for post-repair monitoring are prepared to justify proposed treatments and to detect any early deterioration.

Logistics are critical within the 30-day permit window. Night shifts reduce sidewalk closures and audience disruption, but they add complexity: skylift rental, extended lighting, and safety supervision are necessary. A typical per-sign budget is allocated roughly as follows: skylift and rigging $2,000; materials including glass, gas and sealing compounds $1,800; specialist labour and after-hours premiums $2,500; and a contingency for unexpected stabilisation or permit fees $1,200. These figures total the $7,500 cap, so any delay or unforeseen corrosion can force difficult choices, such as deferring cosmetic repainting in favour of structural safety. The Landmarks Commission typically requires a mid-project inspection and advance notification before major alterations; extensions to the 30-day window can be granted, but requests must be well documented and justified.

Decision-making requires negotiation with multiple stakeholders. The Landmarks Commission must approve visible changes, the building owner may prioritise rapid reopening, and theatre operators want predictable schedules. When mercury handling is involved, environmental health officers also have a say. Therefore, I typically present a phased plan that separates urgent mechanical stabilization from later aesthetic conservation. This phased approach often secures permission to work within the 30-day window while allowing follow-up treatments if additional funding becomes available, and it reduces the likelihood of permit refusals or costly rework.

The combination of technical craft, regulatory compliance and tight budgets makes marquee conservation both demanding and rewarding. Working at midnight in the theater district, balancing oxy-propane glass-bending with careful gas refills and frame remediation, requires adaptability and clear documentation. Ultimately, the goal is to preserve the sign's historical character and public value while meeting modern safety and environmental standards within the constraints of a $7,500 budget and the Landmarks Commission's 30-day permit.",Which amount does the passage list as the typical allocation for skylift and rigging in the per-sign budget?,"$1,800|$2,000|$2,500|$1,200","$2,000",B2,recall,B1,"Changed from B2 to B1: The question requires scanning a text for a specific piece of information (a numerical value) within a professional context, which is a characteristic B1-level reading task.",FLAG,none,recall,"The question asks for a specific numerical value directly stated in the text, which requires a verbatim lookup.",0,0,1,-1,none,none,pass,REJECT,REJECT -- content: accuracy below target (0 < 90); clarity below target (1 < 4); completeness could not be determined
5011deb3-3517-4ec0-829c-bdd58d70690c,4edd4a57-dc9c-4d2d-8a88-370df40c76b7,reading,mcq,"As a licensed neon sign conservator in Manhattan's Theater District, I routinely work on illuminated marquees that date from the 1920s. These signs are historically significant and attract public attention, but conserving them involves strict constraints. Each marquee project generally has a firm conservation budget of $7,500 and must proceed under a 30-day permit issued by the New York City Landmarks Commission. To reduce disruption and meet inspection deadlines, many repairs are scheduled at midnight using skylifts and temporary lighting.

The core technical skills for this work include oxy-propane glass-bending and the careful handling of mercury/argon refills for older tubes. Oxy-propane torches allow precise heating and shaping of thick, century-old glass; this technique is essential to match the original contours and colour segmentation. For gas refills, 1920s tubes commonly contain a mercury/argon mixture that contributes to their particular glow and intensity. Conservators must weigh the visual fidelity of using mercury against health and environmental concerns; in some cases, inert gas-only refills are chosen, although they may change brightness or hue. Before refilling, tubes are tested with low-voltage trials and, where available, spectrometric checks to confirm colour and output. Apprentices and I undergo regular safety training for mercury handling and torch techniques, because errors can be costly and dangerous.

Frames and support structures present a different set of problems. Corrosion, metal fatigue and previous inappropriate repairs are frequent, and they can threaten both the sign and building fabric. Stabilising a corroded frame often requires targeted welding, application of corrosion inhibitors, and repainting with historically appropriate finishes. Because the Landmarks Commission emphasizes reversibility and minimal intervention, I often use bolted plates or removable brackets instead of permanent replacement when feasible. I also consider compatibility between new fasteners and original metals to avoid accelerated galvanic corrosion; when replacement is necessary, materials are chosen for long-term stability and visual compatibility. Detailed photographic records, material analysis and a schedule for post-repair monitoring are prepared to justify proposed treatments and to detect any early deterioration.

Logistics are critical within the 30-day permit window. Night shifts reduce sidewalk closures and audience disruption, but they add complexity: skylift rental, extended lighting, and safety supervision are necessary. A typical per-sign budget is allocated roughly as follows: skylift and rigging $2,000; materials including glass, gas and sealing compounds $1,800; specialist labour and after-hours premiums $2,500; and a contingency for unexpected stabilisation or permit fees $1,200. These figures total the $7,500 cap, so any delay or unforeseen corrosion can force difficult choices, such as deferring cosmetic repainting in favour of structural safety. The Landmarks Commission typically requires a mid-project inspection and advance notification before major alterations; extensions to the 30-day window can be granted, but requests must be well documented and justified.

Decision-making requires negotiation with multiple stakeholders. The Landmarks Commission must approve visible changes, the building owner may prioritise rapid reopening, and theatre operators want predictable schedules. When mercury handling is involved, environmental health officers also have a say. Therefore, I typically present a phased plan that separates urgent mechanical stabilization from later aesthetic conservation. This phased approach often secures permission to work within the 30-day window while allowing follow-up treatments if additional funding becomes available, and it reduces the likelihood of permit refusals or costly rework.

The combination of technical craft, regulatory compliance and tight budgets makes marquee conservation both demanding and rewarding. Working at midnight in the theater district, balancing oxy-propane glass-bending with careful gas refills and frame remediation, requires adaptability and clear documentation. Ultimately, the goal is to preserve the sign's historical character and public value while meeting modern safety and environmental standards within the constraints of a $7,500 budget and the Landmarks Commission's 30-day permit.",What can reasonably be inferred about why the author proposes a phased plan for marquee projects?,The author believes phased plans primarily reduce labour costs by extending work across seasons.|The author thinks phased plans are a way to postpone necessary safety work until more funding is available.|The author views phased plans as a practical compromise that helps secure permits and allows urgent work first.|The author suggests phased plans are intended to satisfy theatre operators who demand immediate aesthetic improvements.,The author views phased plans as a practical compromise that helps secure permits and allows urgent work first.,B2,inference,C1,"Changed from B2 to C1: The question requires the reader to make a logical inference and recognize implicit meaning within a complex professional context, which is a hallmark of the C1 level.",FLAG,none,inference,The question explicitly asks what can be 'inferred' and requires drawing an unstated conclusion based on the context provided.,0,0,4,2,weak_distractors,none,pass,REJECT,REJECT -- content: accuracy below target (0 < 90); completeness below target (2 < 4); construction: weak_distractors
5011deb3-3517-4ec0-829c-bdd58d70690c,7c1eba8e-438e-4f2d-a449-820fc629d5a5,reading,short_answer,"As a licensed neon sign conservator in Manhattan's Theater District, I routinely work on illuminated marquees that date from the 1920s. These signs are historically significant and attract public attention, but conserving them involves strict constraints. Each marquee project generally has a firm conservation budget of $7,500 and must proceed under a 30-day permit issued by the New York City Landmarks Commission. To reduce disruption and meet inspection deadlines, many repairs are scheduled at midnight using skylifts and temporary lighting.

The core technical skills for this work include oxy-propane glass-bending and the careful handling of mercury/argon refills for older tubes. Oxy-propane torches allow precise heating and shaping of thick, century-old glass; this technique is essential to match the original contours and colour segmentation. For gas refills, 1920s tubes commonly contain a mercury/argon mixture that contributes to their particular glow and intensity. Conservators must weigh the visual fidelity of using mercury against health and environmental concerns; in some cases, inert gas-only refills are chosen, although they may change brightness or hue. Before refilling, tubes are tested with low-voltage trials and, where available, spectrometric checks to confirm colour and output. Apprentices and I undergo regular safety training for mercury handling and torch techniques, because errors can be costly and dangerous.

Frames and support structures present a different set of problems. Corrosion, metal fatigue and previous inappropriate repairs are frequent, and they can threaten both the sign and building fabric. Stabilising a corroded frame often requires targeted welding, application of corrosion inhibitors, and repainting with historically appropriate finishes. Because the Landmarks Commission emphasizes reversibility and minimal intervention, I often use bolted plates or removable brackets instead of permanent replacement when feasible. I also consider compatibility between new fasteners and original metals to avoid accelerated galvanic corrosion; when replacement is necessary, materials are chosen for long-term stability and visual compatibility. Detailed photographic records, material analysis and a schedule for post-repair monitoring are prepared to justify proposed treatments and to detect any early deterioration.

Logistics are critical within the 30-day permit window. Night shifts reduce sidewalk closures and audience disruption, but they add complexity: skylift rental, extended lighting, and safety supervision are necessary. A typical per-sign budget is allocated roughly as follows: skylift and rigging $2,000; materials including glass, gas and sealing compounds $1,800; specialist labour and after-hours premiums $2,500; and a contingency for unexpected stabilisation or permit fees $1,200. These figures total the $7,500 cap, so any delay or unforeseen corrosion can force difficult choices, such as deferring cosmetic repainting in favour of structural safety. The Landmarks Commission typically requires a mid-project inspection and advance notification before major alterations; extensions to the 30-day window can be granted, but requests must be well documented and justified.

Decision-making requires negotiation with multiple stakeholders. The Landmarks Commission must approve visible changes, the building owner may prioritise rapid reopening, and theatre operators want predictable schedules. When mercury handling is involved, environmental health officers also have a say. Therefore, I typically present a phased plan that separates urgent mechanical stabilization from later aesthetic conservation. This phased approach often secures permission to work within the 30-day window while allowing follow-up treatments if additional funding becomes available, and it reduces the likelihood of permit refusals or costly rework.

The combination of technical craft, regulatory compliance and tight budgets makes marquee conservation both demanding and rewarding. Working at midnight in the theater district, balancing oxy-propane glass-bending with careful gas refills and frame remediation, requires adaptability and clear documentation. Ultimately, the goal is to preserve the sign's historical character and public value while meeting modern safety and environmental standards within the constraints of a $7,500 budget and the Landmarks Commission's 30-day permit.",The word 'reversibility' in paragraph 3 most nearly means what?,,removable,B2,vocabulary,B2,"No change -- confirmed B2: The question requires the reader to infer the meaning of a specialized, abstract term within a technical context, which is characteristic of upper-intermediate reading comprehension.",FLAG,none,vocabulary,"The question asks for the meaning of a specific word, which aligns with the definition of vocabulary.",-1,-1,-1,-1,none,none,pass,REJECT,REJECT -- content: accuracy could not be determined; grammar score could not be determined; clarity could not be determined; completeness could not be determined
5011deb3-3517-4ec0-829c-bdd58d70690c,84ace029-9777-497b-bbf4-b7b4a80e3163,reading,short_answer,"As a licensed neon sign conservator in Manhattan's Theater District, I routinely work on illuminated marquees that date from the 1920s. These signs are historically significant and attract public attention, but conserving them involves strict constraints. Each marquee project generally has a firm conservation budget of $7,500 and must proceed under a 30-day permit issued by the New York City Landmarks Commission. To reduce disruption and meet inspection deadlines, many repairs are scheduled at midnight using skylifts and temporary lighting.

The core technical skills for this work include oxy-propane glass-bending and the careful handling of mercury/argon refills for older tubes. Oxy-propane torches allow precise heating and shaping of thick, century-old glass; this technique is essential to match the original contours and colour segmentation. For gas refills, 1920s tubes commonly contain a mercury/argon mixture that contributes to their particular glow and intensity. Conservators must weigh the visual fidelity of using mercury against health and environmental concerns; in some cases, inert gas-only refills are chosen, although they may change brightness or hue. Before refilling, tubes are tested with low-voltage trials and, where available, spectrometric checks to confirm colour and output. Apprentices and I undergo regular safety training for mercury handling and torch techniques, because errors can be costly and dangerous.

Frames and support structures present a different set of problems. Corrosion, metal fatigue and previous inappropriate repairs are frequent, and they can threaten both the sign and building fabric. Stabilising a corroded frame often requires targeted welding, application of corrosion inhibitors, and repainting with historically appropriate finishes. Because the Landmarks Commission emphasizes reversibility and minimal intervention, I often use bolted plates or removable brackets instead of permanent replacement when feasible. I also consider compatibility between new fasteners and original metals to avoid accelerated galvanic corrosion; when replacement is necessary, materials are chosen for long-term stability and visual compatibility. Detailed photographic records, material analysis and a schedule for post-repair monitoring are prepared to justify proposed treatments and to detect any early deterioration.

Logistics are critical within the 30-day permit window. Night shifts reduce sidewalk closures and audience disruption, but they add complexity: skylift rental, extended lighting, and safety supervision are necessary. A typical per-sign budget is allocated roughly as follows: skylift and rigging $2,000; materials including glass, gas and sealing compounds $1,800; specialist labour and after-hours premiums $2,500; and a contingency for unexpected stabilisation or permit fees $1,200. These figures total the $7,500 cap, so any delay or unforeseen corrosion can force difficult choices, such as deferring cosmetic repainting in favour of structural safety. The Landmarks Commission typically requires a mid-project inspection and advance notification before major alterations; extensions to the 30-day window can be granted, but requests must be well documented and justified.

Decision-making requires negotiation with multiple stakeholders. The Landmarks Commission must approve visible changes, the building owner may prioritise rapid reopening, and theatre operators want predictable schedules. When mercury handling is involved, environmental health officers also have a say. Therefore, I typically present a phased plan that separates urgent mechanical stabilization from later aesthetic conservation. This phased approach often secures permission to work within the 30-day window while allowing follow-up treatments if additional funding becomes available, and it reduces the likelihood of permit refusals or costly rework.

The combination of technical craft, regulatory compliance and tight budgets makes marquee conservation both demanding and rewarding. Working at midnight in the theater district, balancing oxy-propane glass-bending with careful gas refills and frame remediation, requires adaptability and clear documentation. Ultimately, the goal is to preserve the sign's historical character and public value while meeting modern safety and environmental standards within the constraints of a $7,500 budget and the Landmarks Commission's 30-day permit.","Who, besides the author, undergoes regular safety training for mercury handling and torch techniques?",,apprentices,B2,comprehension,B1,"Changed from B2 to B1: The question requires identifying a specific detail within a professional context, which involves understanding slightly specialized vocabulary like 'mercury handling'.",FLAG,none,comprehension,The question requires connecting the identity of the group (apprentices) to the specific training activities described in the text.,100,0,1,4,none,none,pass,REJECT,REJECT -- content: clarity below target (1 < 4)
3613895a-332d-41f2-b77a-1d57ecc7c304,bf8a9555-6dd9-45e1-98e8-2f28be99579c,reading,mcq,"I am the City Heritage Salvage Officer and lead diver-conservator responsible for rescuing waterlogged 19th-century archives from flooded basements in New Orleans. After heavy storms, basements fill with water and mud and important local records can be damaged in hours. My team uses a method called pump-and-freeze-dry to save books, letters and photographs. We must work fast. Mold can begin to grow within 72 hours, and we have only one aging freeze-dryer, a strict $12,000 emergency budget cap and rules from FEMA that control access to some buildings.

The pump-and-freeze-dry method starts with pumping out standing water and removing thick silt so objects can be reached. Conservators then gently rinse and separate items, place them in polyethylene bags, and freeze them as quickly as possible to stop biological growth. Freeze-drying, also called lyophilization, is a drying process that removes frozen water by turning ice directly into vapor under low pressure. This process stabilizes soft, waterlogged papers and photographs that would otherwise stick together or rot. Good documentation, such as labeling each item with a tag number and recording its owner and condition, is essential before anything leaves the site.

Our work faces hard limits. The 72-hour mold window means we need to freeze items within three days to reduce the risk of irreversible decay. The single freeze-dryer we use can handle about 30 small boxes per 24-hour cycle, but it is old and sometimes breaks down, which would cause delays. The $12,000 budget cap covers fuel, plastic bags, tags and emergency transport but not long repairs or renting a second freeze-dryer. FEMA permitting rules add another delay because we must wait for written permission to enter certain basements or to remove items from public property.

Given these constraints, prioritizing is an ethical and practical task. We rank material by uniqueness, legal importance and community value. For example, original birth ledgers, unique family letters and historic photographs often come first because replacements do not exist. We also consider condition: very fragile items get priority because they can degrade fastest. Sometimes we must make hard choices, saving a smaller number of very important boxes rather than many common documents, to use our limited freeze-dryer cycles and budget effectively.

A successful salvage requires clear decisions, teamwork and communication with owners and officials. To improve future responses we recommend quicker FEMA approvals, reserve funds beyond the $12,000 cap and a second modern freeze-dryer as backup. Until then, our team races the clock, using experience and care to protect the city's fragile cultural heritage from mold, water and time.",Why does the salvage team need to work quickly after basements flood?,Mold can start to grow within a short time and damage items.|The flood water must be sold before it dries.|Owners demand immediate full repairs to the building.|Freeze-dryers need time to warm up before use.,Mold can start to grow within a short time and damage items.,B1,comprehension,B1,"No change -- confirmed B1: The question asks for a straightforward cause-and-effect relationship using clear language, though it requires understanding specialized vocabulary from the text.",FLAG,none,inference,"The passage states that water and mud can damage records in hours, but it does not explicitly mention 'mold'; therefore, concluding that mold is the cause of the damage is an unstated conclusion, which fits the definition of inference rather than comprehension.",100,0,2,4,weak_distractors,none,pass,REJECT,REJECT -- content: clarity below target (2 < 4); construction: weak_distractors
3613895a-332d-41f2-b77a-1d57ecc7c304,b1f8466f-7d0b-4b58-b488-ceaa69d4a1d5,reading,mcq,"I am the City Heritage Salvage Officer and lead diver-conservator responsible for rescuing waterlogged 19th-century archives from flooded basements in New Orleans. After heavy storms, basements fill with water and mud and important local records can be damaged in hours. My team uses a method called pump-and-freeze-dry to save books, letters and photographs. We must work fast. Mold can begin to grow within 72 hours, and we have only one aging freeze-dryer, a strict $12,000 emergency budget cap and rules from FEMA that control access to some buildings.

The pump-and-freeze-dry method starts with pumping out standing water and removing thick silt so objects can be reached. Conservators then gently rinse and separate items, place them in polyethylene bags, and freeze them as quickly as possible to stop biological growth. Freeze-drying, also called lyophilization, is a drying process that removes frozen water by turning ice directly into vapor under low pressure. This process stabilizes soft, waterlogged papers and photographs that would otherwise stick together or rot. Good documentation, such as labeling each item with a tag number and recording its owner and condition, is essential before anything leaves the site.

Our work faces hard limits. The 72-hour mold window means we need to freeze items within three days to reduce the risk of irreversible decay. The single freeze-dryer we use can handle about 30 small boxes per 24-hour cycle, but it is old and sometimes breaks down, which would cause delays. The $12,000 budget cap covers fuel, plastic bags, tags and emergency transport but not long repairs or renting a second freeze-dryer. FEMA permitting rules add another delay because we must wait for written permission to enter certain basements or to remove items from public property.

Given these constraints, prioritizing is an ethical and practical task. We rank material by uniqueness, legal importance and community value. For example, original birth ledgers, unique family letters and historic photographs often come first because replacements do not exist. We also consider condition: very fragile items get priority because they can degrade fastest. Sometimes we must make hard choices, saving a smaller number of very important boxes rather than many common documents, to use our limited freeze-dryer cycles and budget effectively.

A successful salvage requires clear decisions, teamwork and communication with owners and officials. To improve future responses we recommend quicker FEMA approvals, reserve funds beyond the $12,000 cap and a second modern freeze-dryer as backup. Until then, our team races the clock, using experience and care to protect the city's fragile cultural heritage from mold, water and time.",How many small boxes can the team's single freeze-dryer handle in one 24-hour cycle?,15 small boxes|30 small boxes|60 small boxes|100 small boxes,30 small boxes,B1,recall,B1,"No change -- confirmed B1: The question requires scanning a text to locate a specific piece of information (a numerical value), which is a characteristic B1-level reading comprehension task.",FLAG,trivial_lookup,recall,"The question asks for a specific numerical fact that requires a direct, verbatim lookup from the text.",0,0,1,1,multiple_defensible_answers,none,pass,REJECT,REJECT -- content: accuracy below target (0 < 90); clarity below target (1 < 4); completeness below target (1 < 4); rule flags: trivial_lookup; construction: multiple_defensible_answers; rules: trivial_lookup
3613895a-332d-41f2-b77a-1d57ecc7c304,2e59aa63-f5c2-479b-b50f-e1788983cd2a,reading,fill_up,"I am the City Heritage Salvage Officer and lead diver-conservator responsible for rescuing waterlogged 19th-century archives from flooded basements in New Orleans. After heavy storms, basements fill with water and mud and important local records can be damaged in hours. My team uses a method called pump-and-freeze-dry to save books, letters and photographs. We must work fast. Mold can begin to grow within 72 hours, and we have only one aging freeze-dryer, a strict $12,000 emergency budget cap and rules from FEMA that control access to some buildings.

The pump-and-freeze-dry method starts with pumping out standing water and removing thick silt so objects can be reached. Conservators then gently rinse and separate items, place them in polyethylene bags, and freeze them as quickly as possible to stop biological growth. Freeze-drying, also called lyophilization, is a drying process that removes frozen water by turning ice directly into vapor under low pressure. This process stabilizes soft, waterlogged papers and photographs that would otherwise stick together or rot. Good documentation, such as labeling each item with a tag number and recording its owner and condition, is essential before anything leaves the site.

Our work faces hard limits. The 72-hour mold window means we need to freeze items within three days to reduce the risk of irreversible decay. The single freeze-dryer we use can handle about 30 small boxes per 24-hour cycle, but it is old and sometimes breaks down, which would cause delays. The $12,000 budget cap covers fuel, plastic bags, tags and emergency transport but not long repairs or renting a second freeze-dryer. FEMA permitting rules add another delay because we must wait for written permission to enter certain basements or to remove items from public property.

Given these constraints, prioritizing is an ethical and practical task. We rank material by uniqueness, legal importance and community value. For example, original birth ledgers, unique family letters and historic photographs often come first because replacements do not exist. We also consider condition: very fragile items get priority because they can degrade fastest. Sometimes we must make hard choices, saving a smaller number of very important boxes rather than many common documents, to use our limited freeze-dryer cycles and budget effectively.

A successful salvage requires clear decisions, teamwork and communication with owners and officials. To improve future responses we recommend quicker FEMA approvals, reserve funds beyond the $12,000 cap and a second modern freeze-dryer as backup. Until then, our team races the clock, using experience and care to protect the city's fragile cultural heritage from mold, water and time.",The image of the team 'racing the clock' implies they are working ___.,,fast,B1,inference,B1,"No change -- confirmed B1: The question requires interpreting a common idiom ('racing the clock') and connecting it to the context of the text, which is characteristic of intermediate reading comprehension.",PASS,none,inference,"The question asks to interpret the metaphorical implication of the phrase 'racing the clock', which requires the reader to infer that it means 'working fast' based on the context provided in the text.",100,0,4,5,none,none,pass,USE,USE -- passed
3613895a-332d-41f2-b77a-1d57ecc7c304,cb0aec46-e43a-4c01-bfb1-f7fc64b64163,reading,fill_up,"I am the City Heritage Salvage Officer and lead diver-conservator responsible for rescuing waterlogged 19th-century archives from flooded basements in New Orleans. After heavy storms, basements fill with water and mud and important local records can be damaged in hours. My team uses a method called pump-and-freeze-dry to save books, letters and photographs. We must work fast. Mold can begin to grow within 72 hours, and we have only one aging freeze-dryer, a strict $12,000 emergency budget cap and rules from FEMA that control access to some buildings.

The pump-and-freeze-dry method starts with pumping out standing water and removing thick silt so objects can be reached. Conservators then gently rinse and separate items, place them in polyethylene bags, and freeze them as quickly as possible to stop biological growth. Freeze-drying, also called lyophilization, is a drying process that removes frozen water by turning ice directly into vapor under low pressure. This process stabilizes soft, waterlogged papers and photographs that would otherwise stick together or rot. Good documentation, such as labeling each item with a tag number and recording its owner and condition, is essential before anything leaves the site.

Our work faces hard limits. The 72-hour mold window means we need to freeze items within three days to reduce the risk of irreversible decay. The single freeze-dryer we use can handle about 30 small boxes per 24-hour cycle, but it is old and sometimes breaks down, which would cause delays. The $12,000 budget cap covers fuel, plastic bags, tags and emergency transport but not long repairs or renting a second freeze-dryer. FEMA permitting rules add another delay because we must wait for written permission to enter certain basements or to remove items from public property.

Given these constraints, prioritizing is an ethical and practical task. We rank material by uniqueness, legal importance and community value. For example, original birth ledgers, unique family letters and historic photographs often come first because replacements do not exist. We also consider condition: very fragile items get priority because they can degrade fastest. Sometimes we must make hard choices, saving a smaller number of very important boxes rather than many common documents, to use our limited freeze-dryer cycles and budget effectively.

A successful salvage requires clear decisions, teamwork and communication with owners and officials. To improve future responses we recommend quicker FEMA approvals, reserve funds beyond the $12,000 cap and a second modern freeze-dryer as backup. Until then, our team races the clock, using experience and care to protect the city's fragile cultural heritage from mold, water and time.",Lyophilization is the drying process that turns ice directly into ___ under low pressure.,,vapor,B1,vocabulary,B2,Changed from B1 to B2: The question uses specialized scientific vocabulary like 'Lyophilization' and requires understanding a technical physical process.,FLAG,none,vocabulary,"The question asks for the definition/process associated with the technical term 'Lyophilization', which tests the meaning of a word.",0,1,1,4,none,requires_specialist_knowledge,requires_specialist_knowledge,REJECT,REJECT -- content: accuracy below target (0 < 90); 1 grammar error(s) found; clarity below target (1 < 4); fairness: requires_specialist_knowledge
3613895a-332d-41f2-b77a-1d57ecc7c304,a6f15877-9618-497a-b723-26cbef8f7b50,reading,fill_up,"I am the City Heritage Salvage Officer and lead diver-conservator responsible for rescuing waterlogged 19th-century archives from flooded basements in New Orleans. After heavy storms, basements fill with water and mud and important local records can be damaged in hours. My team uses a method called pump-and-freeze-dry to save books, letters and photographs. We must work fast. Mold can begin to grow within 72 hours, and we have only one aging freeze-dryer, a strict $12,000 emergency budget cap and rules from FEMA that control access to some buildings.

The pump-and-freeze-dry method starts with pumping out standing water and removing thick silt so objects can be reached. Conservators then gently rinse and separate items, place them in polyethylene bags, and freeze them as quickly as possible to stop biological growth. Freeze-drying, also called lyophilization, is a drying process that removes frozen water by turning ice directly into vapor under low pressure. This process stabilizes soft, waterlogged papers and photographs that would otherwise stick together or rot. Good documentation, such as labeling each item with a tag number and recording its owner and condition, is essential before anything leaves the site.

Our work faces hard limits. The 72-hour mold window means we need to freeze items within three days to reduce the risk of irreversible decay. The single freeze-dryer we use can handle about 30 small boxes per 24-hour cycle, but it is old and sometimes breaks down, which would cause delays. The $12,000 budget cap covers fuel, plastic bags, tags and emergency transport but not long repairs or renting a second freeze-dryer. FEMA permitting rules add another delay because we must wait for written permission to enter certain basements or to remove items from public property.

Given these constraints, prioritizing is an ethical and practical task. We rank material by uniqueness, legal importance and community value. For example, original birth ledgers, unique family letters and historic photographs often come first because replacements do not exist. We also consider condition: very fragile items get priority because they can degrade fastest. Sometimes we must make hard choices, saving a smaller number of very important boxes rather than many common documents, to use our limited freeze-dryer cycles and budget effectively.

A successful salvage requires clear decisions, teamwork and communication with owners and officials. To improve future responses we recommend quicker FEMA approvals, reserve funds beyond the $12,000 cap and a second modern freeze-dryer as backup. Until then, our team races the clock, using experience and care to protect the city's fragile cultural heritage from mold, water and time.",Mold can begin to grow within ___.,,72 hours,B1,comprehension,B1,No change -- confirmed B1: The question requires scanning a text for a specific factual detail within a descriptive passage that uses moderately specialized vocabulary.,FLAG,none,comprehension,The question requires connecting the concept of 'damage' mentioned in the text to the specific biological process of 'mold growth'.,100,0,2,1,none,none,pass,REJECT,REJECT -- content: clarity below target (2 < 4); completeness below target (1 < 4)
31c3f786-bcb6-402a-9e9e-e7072ae4808b,1abe3a21-8ca8-4645-9646-2397e2b1797b,reading,match,"I am a city worker who saves.
I help save old papers.
The papers are in wet basements.
I go into houses with water.
I have a small team with me.
We use a pump and a cold box.
We work fast to save things.
We can dry paper and books.
We must stop mold in time.

I must make a fast plan.
We have three days to work.
We have one old machine only.
The machine can dry small loads.
We have twelve thousand dollars.
We can not spend more money.
We need a city paper to work.
I think of home and town.
I choose the most needed papers.","{""title"": ""Match the following statements to the correct paragraph"", ""questions"": [""A. I have three days to work and one old machine."", ""B. I have a small team and a pump and a cold box.""]}","Paragraph 2: I must make a fast plan.
We have three days to work.
We have one old machine only.
The machine can dry small loads.
We h...|Paragraph 3|Paragraph 1: I am a city worker who saves.
I help save old papers.
The papers are in wet basements.
I go into houses with water.
I ha...",I have three days to work and one old machine.->2; I have a small team and a pump and a cold box.->1,A1,comprehension,A1,"No change -- confirmed A1: The text uses very simple sentence structures and basic vocabulary, and the task requires direct matching of explicitly stated information.",FLAG,"missing_end_punctuation, answer_too_long_for_level, fully_redundant_with:11483bf5-6dd3-40c6-8d21-4b0dbe26b208",comprehension,The question requires connecting multiple stated facts within a paragraph to correctly identify which paragraph contains the information.,100,0,5,5,none,none,pass,REJECT,"REJECT -- content: rule flags: missing_end_punctuation, answer_too_long_for_level, fully_redundant_with:11483bf5-6dd3-40c6-8d21-4b0dbe26b208; rules: answer_too_long_for_level, fully_redundant_with:11483bf5-6dd3-40c6-8d21-4b0dbe26b208"
31c3f786-bcb6-402a-9e9e-e7072ae4808b,3685a427-dadc-4f05-80c6-c6d298bec4a0,reading,mcq,"I am a city worker who saves.
I help save old papers.
The papers are in wet basements.
I go into houses with water.
I have a small team with me.
We use a pump and a cold box.
We work fast to save things.
We can dry paper and books.
We must stop mold in time.

I must make a fast plan.
We have three days to work.
We have one old machine only.
The machine can dry small loads.
We have twelve thousand dollars.
We can not spend more money.
We need a city paper to work.
I think of home and town.
I choose the most needed papers.",Why do they work fast?,To stop mold.|To find money.|To rest more.,To stop mold.,A1,inference,A1,"No change -- confirmed A1: The text uses very short, simple sentences and basic vocabulary to convey direct information.",FLAG,partially_redundant_with:11483bf5-6dd3-40c6-8d21-4b0dbe26b208,inference,The answer is an unstated conclusion drawn by connecting the stated fact that they work fast with the stated necessity of stopping mold in time.,100,0,2,5,none,none,pass,REJECT,REJECT -- content: clarity below target (2 < 4); rule flags: partially_redundant_with:11483bf5-6dd3-40c6-8d21-4b0dbe26b208; rules: partially_redundant_with:11483bf5-6dd3-40c6-8d21-4b0dbe26b208
31c3f786-bcb6-402a-9e9e-e7072ae4808b,b37d05b4-94d7-417e-90a3-e4f9e109fdad,reading,mcq,"I am a city worker who saves.
I help save old papers.
The papers are in wet basements.
I go into houses with water.
I have a small team with me.
We use a pump and a cold box.
We work fast to save things.
We can dry paper and books.
We must stop mold in time.

I must make a fast plan.
We have three days to work.
We have one old machine only.
The machine can dry small loads.
We have twelve thousand dollars.
We can not spend more money.
We need a city paper to work.
I think of home and town.
I choose the most needed papers.",The word 'team' here means:,a group of people|one person|a big machine,a group of people,A1,vocabulary,A1,"No change -- confirmed A1: The text uses extremely simple sentence structures and basic vocabulary, and the question asks for the meaning of a common word in a very straightforward context.",FLAG,missing_end_punctuation,vocabulary,"The question asks for the meaning of the specific word 'team', which aligns with the definition of vocabulary.",-1,-1,4,5,none,none,pass,REJECT,REJECT -- content: accuracy could not be determined; grammar score could not be determined; rule flags: missing_end_punctuation
31c3f786-bcb6-402a-9e9e-e7072ae4808b,11483bf5-6dd3-40c6-8d21-4b0dbe26b208,reading,mcq,"I am a city worker who saves.
I help save old papers.
The papers are in wet basements.
I go into houses with water.
I have a small team with me.
We use a pump and a cold box.
We work fast to save things.
We can dry paper and books.
We must stop mold in time.

I must make a fast plan.
We have three days to work.
We have one old machine only.
The machine can dry small loads.
We have twelve thousand dollars.
We can not spend more money.
We need a city paper to work.
I think of home and town.
I choose the most needed papers.",How many days do they have to work?,one day|three days|twelve days,three days,A1,comprehension,A1,"No change -- confirmed A1: The text uses very simple sentence structures and basic vocabulary, requiring only direct information retrieval from the passage.",FLAG,"fully_redundant_with:1abe3a21-8ca8-4645-9646-2397e2b1797b, partially_redundant_with:3685a427-dadc-4f05-80c6-c6d298bec4a0",recall,"The answer is explicitly stated in the text, which constitutes a verbatim lookup rather than connecting multiple facts.",100,0,5,5,none,none,pass,REJECT,"REJECT -- content: rule flags: fully_redundant_with:1abe3a21-8ca8-4645-9646-2397e2b1797b, partially_redundant_with:3685a427-dadc-4f05-80c6-c6d298bec4a0; rules: fully_redundant_with:1abe3a21-8ca8-4645-9646-2397e2b1797b, partially_redundant_with:3685a427-dadc-4f05-80c6-c6d298bec4a0"
c1c5a265-7015-48a6-99e5-a5cef6f574a3,104ea82b-d5fb-4757-a3a4-1d0a6b52d06a,reading,true_false,"I am a safety coordinator at Alang and a former rigger, so I know the ship and the tools well. My job is to plan safe hot work on mid-size tanker hulks that often contain old asbestos. Hot work means cutting, welding or grinding that makes sparks and heat. The main challenge is a three-hour tidal cutting window. That short time forces me to organise people, tools and safety equipment precisely while keeping within a fixed daily PPE budget of ₹5,000. I also have to balance requests from shipowners, scrap buyers, multilingual migrant crews and local inspectors who sometimes expect informal cash payments.

Asbestos is a health hazard when fibres become airborne during cutting or removal. To be asbestos-aware, I do three things before any hot work. First, we pre-clean the area to remove loose dust and any visible insulation. Second, we wet the asbestos material lightly or use controlled removal by a trained specialist so fibres do not float in the air. Third, we test the air with a simple monitor or send a small sample to a lab when possible. I also write everything in a logbook - what we cut, what we covered and who wore which protection. This log helps if an inspector asks questions.

Planning the three-hour tidal window is about sequence and people. I choose the exact cutting points the night before and assign small teams with clear tasks: one team for cutting, one for keeping the work area wet and clean, and one for watching safety and communication. We practise a short safety briefing in a language the workers understand. A tidal window is the period when the water level exposes parts of the hull and gives safe access to the area to be cut. Missing the window wastes time and money, so we rehearse moving tools and starting machines quickly.

A fixed daily PPE budget of ₹5,000 means I must prioritise what protects life first. Respirators and disposable coveralls come first, then gloves, eye protection and ear plugs. For example, in one common plan I buy three good respirator cartridges and ten disposable coveralls for a small team, and I negotiate with the shipowner or scrap buyer to share rental for a HEPA vacuum cleaner if the price is high. I keep receipts and a simple sheet showing who used each item so the money is tracked.

Dealing with people requires honesty and clear communication. I explain the risks to migrant crews in their language when possible, using a translator app or a local supervisor. If an inspector asks for cash, I refuse and report the request to the port office while explaining the potential delay. My aim is to finish safe, avoid unnecessary payments and keep the cutting work within the three-hour tidal window and the ₹5,000 PPE limit.","The coordinator's main responsibility is arranging safe cutting work during brief low-tide periods while keeping PPE spending within a daily limit of ₹5,000.",True|False|Not Given,TRUE,B1,comprehension,B1,No change -- confirmed B1: The question requires the reader to understand paraphrased information and process a complex sentence with multiple details to verify them against the text.,FLAG,none,comprehension,The question requires connecting the stated fact of a 'three-hour tidal cutting window' to the concept of 'brief low-tide periods'.,40,0,2,2,none,none,pass,REJECT,REJECT -- content: accuracy below target (40 < 90); clarity below target (2 < 4); completeness below target (2 < 4)
c1c5a265-7015-48a6-99e5-a5cef6f574a3,10d2b937-e8e9-4655-9c17-4759b00e5f34,reading,true_false,"I am a safety coordinator at Alang and a former rigger, so I know the ship and the tools well. My job is to plan safe hot work on mid-size tanker hulks that often contain old asbestos. Hot work means cutting, welding or grinding that makes sparks and heat. The main challenge is a three-hour tidal cutting window. That short time forces me to organise people, tools and safety equipment precisely while keeping within a fixed daily PPE budget of ₹5,000. I also have to balance requests from shipowners, scrap buyers, multilingual migrant crews and local inspectors who sometimes expect informal cash payments.

Asbestos is a health hazard when fibres become airborne during cutting or removal. To be asbestos-aware, I do three things before any hot work. First, we pre-clean the area to remove loose dust and any visible insulation. Second, we wet the asbestos material lightly or use controlled removal by a trained specialist so fibres do not float in the air. Third, we test the air with a simple monitor or send a small sample to a lab when possible. I also write everything in a logbook - what we cut, what we covered and who wore which protection. This log helps if an inspector asks questions.

Planning the three-hour tidal window is about sequence and people. I choose the exact cutting points the night before and assign small teams with clear tasks: one team for cutting, one for keeping the work area wet and clean, and one for watching safety and communication. We practise a short safety briefing in a language the workers understand. A tidal window is the period when the water level exposes parts of the hull and gives safe access to the area to be cut. Missing the window wastes time and money, so we rehearse moving tools and starting machines quickly.

A fixed daily PPE budget of ₹5,000 means I must prioritise what protects life first. Respirators and disposable coveralls come first, then gloves, eye protection and ear plugs. For example, in one common plan I buy three good respirator cartridges and ten disposable coveralls for a small team, and I negotiate with the shipowner or scrap buyer to share rental for a HEPA vacuum cleaner if the price is high. I keep receipts and a simple sheet showing who used each item so the money is tracked.

Dealing with people requires honesty and clear communication. I explain the risks to migrant crews in their language when possible, using a translator app or a local supervisor. If an inspector asks for cash, I refuse and report the request to the port office while explaining the potential delay. My aim is to finish safe, avoid unnecessary payments and keep the cutting work within the three-hour tidal window and the ₹5,000 PPE limit.",The coordinator records exact start and end times of every tidal cutting session in the logbook.,True|False|Not Given,NOT GIVEN,B1,recall,B1,"No change -- confirmed B1: The text uses clear, standard language and the question requires identifying information that is not present, which is a typical B1-level reading comprehension task.",PASS,none,recall,"The question asks for a specific detail (recording times in a logbook) that is not mentioned in the text, requiring a lookup to verify the presence or absence of that specific information.",100,0,5,5,none,none,pass,USE,USE -- passed
c1c5a265-7015-48a6-99e5-a5cef6f574a3,549be865-6a92-4b0f-97e5-af4eaf0989e3,reading,fill_up,"I am a safety coordinator at Alang and a former rigger, so I know the ship and the tools well. My job is to plan safe hot work on mid-size tanker hulks that often contain old asbestos. Hot work means cutting, welding or grinding that makes sparks and heat. The main challenge is a three-hour tidal cutting window. That short time forces me to organise people, tools and safety equipment precisely while keeping within a fixed daily PPE budget of ₹5,000. I also have to balance requests from shipowners, scrap buyers, multilingual migrant crews and local inspectors who sometimes expect informal cash payments.

Asbestos is a health hazard when fibres become airborne during cutting or removal. To be asbestos-aware, I do three things before any hot work. First, we pre-clean the area to remove loose dust and any visible insulation. Second, we wet the asbestos material lightly or use controlled removal by a trained specialist so fibres do not float in the air. Third, we test the air with a simple monitor or send a small sample to a lab when possible. I also write everything in a logbook - what we cut, what we covered and who wore which protection. This log helps if an inspector asks questions.

Planning the three-hour tidal window is about sequence and people. I choose the exact cutting points the night before and assign small teams with clear tasks: one team for cutting, one for keeping the work area wet and clean, and one for watching safety and communication. We practise a short safety briefing in a language the workers understand. A tidal window is the period when the water level exposes parts of the hull and gives safe access to the area to be cut. Missing the window wastes time and money, so we rehearse moving tools and starting machines quickly.

A fixed daily PPE budget of ₹5,000 means I must prioritise what protects life first. Respirators and disposable coveralls come first, then gloves, eye protection and ear plugs. For example, in one common plan I buy three good respirator cartridges and ten disposable coveralls for a small team, and I negotiate with the shipowner or scrap buyer to share rental for a HEPA vacuum cleaner if the price is high. I keep receipts and a simple sheet showing who used each item so the money is tracked.

Dealing with people requires honesty and clear communication. I explain the risks to migrant crews in their language when possible, using a translator app or a local supervisor. If an inspector asks for cash, I refuse and report the request to the port office while explaining the potential delay. My aim is to finish safe, avoid unnecessary payments and keep the cutting work within the three-hour tidal window and the ₹5,000 PPE limit.","Because the three-hour tidal window is short, the coordinator must organise people and tools ___ and rehearse moving equipment to avoid wasting time.",,precisely,B1,inference,B1,"No change -- confirmed B1: The text uses clear, standard language to describe a specific professional context, and the question requires understanding a logical relationship within a sentence.",FLAG,none,inference,"The word 'precisely' is not explicitly stated in the text, but it is a logical, unstated conclusion derived from the constraint of a short time window and the need to avoid wasting time.",100,0,2,5,none,none,pass,REJECT,REJECT -- content: clarity below target (2 < 4)
c1c5a265-7015-48a6-99e5-a5cef6f574a3,a192d059-c11d-4590-a3e9-288c4285e9a9,reading,fill_up,"I am a safety coordinator at Alang and a former rigger, so I know the ship and the tools well. My job is to plan safe hot work on mid-size tanker hulks that often contain old asbestos. Hot work means cutting, welding or grinding that makes sparks and heat. The main challenge is a three-hour tidal cutting window. That short time forces me to organise people, tools and safety equipment precisely while keeping within a fixed daily PPE budget of ₹5,000. I also have to balance requests from shipowners, scrap buyers, multilingual migrant crews and local inspectors who sometimes expect informal cash payments.

Asbestos is a health hazard when fibres become airborne during cutting or removal. To be asbestos-aware, I do three things before any hot work. First, we pre-clean the area to remove loose dust and any visible insulation. Second, we wet the asbestos material lightly or use controlled removal by a trained specialist so fibres do not float in the air. Third, we test the air with a simple monitor or send a small sample to a lab when possible. I also write everything in a logbook - what we cut, what we covered and who wore which protection. This log helps if an inspector asks questions.

Planning the three-hour tidal window is about sequence and people. I choose the exact cutting points the night before and assign small teams with clear tasks: one team for cutting, one for keeping the work area wet and clean, and one for watching safety and communication. We practise a short safety briefing in a language the workers understand. A tidal window is the period when the water level exposes parts of the hull and gives safe access to the area to be cut. Missing the window wastes time and money, so we rehearse moving tools and starting machines quickly.

A fixed daily PPE budget of ₹5,000 means I must prioritise what protects life first. Respirators and disposable coveralls come first, then gloves, eye protection and ear plugs. For example, in one common plan I buy three good respirator cartridges and ten disposable coveralls for a small team, and I negotiate with the shipowner or scrap buyer to share rental for a HEPA vacuum cleaner if the price is high. I keep receipts and a simple sheet showing who used each item so the money is tracked.

Dealing with people requires honesty and clear communication. I explain the risks to migrant crews in their language when possible, using a translator app or a local supervisor. If an inspector asks for cash, I refuse and report the request to the port office while explaining the potential delay. My aim is to finish safe, avoid unnecessary payments and keep the cutting work within the three-hour tidal window and the ₹5,000 PPE limit.","Before any hot work, the team first ___ the area to remove loose dust and visible insulation as part of asbestos-aware precautions.",,pre-clean,B1,vocabulary,B1,"No change -- confirmed B1: The question uses technical workplace vocabulary within a clear, standard sentence structure typical of intermediate-level English.",FLAG,none,vocabulary,"The question asks for a specific technical term ('pre-clean') that corresponds to the description of an action ('remove loose dust and visible insulation'), which is a test of vocabulary knowledge.",100,0,2,5,none,none,pass,REJECT,REJECT -- content: clarity below target (2 < 4)
c1c5a265-7015-48a6-99e5-a5cef6f574a3,07b2c365-aec7-4617-83ad-24a28c02a4af,reading,fill_up,"I am a safety coordinator at Alang and a former rigger, so I know the ship and the tools well. My job is to plan safe hot work on mid-size tanker hulks that often contain old asbestos. Hot work means cutting, welding or grinding that makes sparks and heat. The main challenge is a three-hour tidal cutting window. That short time forces me to organise people, tools and safety equipment precisely while keeping within a fixed daily PPE budget of ₹5,000. I also have to balance requests from shipowners, scrap buyers, multilingual migrant crews and local inspectors who sometimes expect informal cash payments.

Asbestos is a health hazard when fibres become airborne during cutting or removal. To be asbestos-aware, I do three things before any hot work. First, we pre-clean the area to remove loose dust and any visible insulation. Second, we wet the asbestos material lightly or use controlled removal by a trained specialist so fibres do not float in the air. Third, we test the air with a simple monitor or send a small sample to a lab when possible. I also write everything in a logbook - what we cut, what we covered and who wore which protection. This log helps if an inspector asks questions.

Planning the three-hour tidal window is about sequence and people. I choose the exact cutting points the night before and assign small teams with clear tasks: one team for cutting, one for keeping the work area wet and clean, and one for watching safety and communication. We practise a short safety briefing in a language the workers understand. A tidal window is the period when the water level exposes parts of the hull and gives safe access to the area to be cut. Missing the window wastes time and money, so we rehearse moving tools and starting machines quickly.

A fixed daily PPE budget of ₹5,000 means I must prioritise what protects life first. Respirators and disposable coveralls come first, then gloves, eye protection and ear plugs. For example, in one common plan I buy three good respirator cartridges and ten disposable coveralls for a small team, and I negotiate with the shipowner or scrap buyer to share rental for a HEPA vacuum cleaner if the price is high. I keep receipts and a simple sheet showing who used each item so the money is tracked.

Dealing with people requires honesty and clear communication. I explain the risks to migrant crews in their language when possible, using a translator app or a local supervisor. If an inspector asks for cash, I refuse and report the request to the port office while explaining the potential delay. My aim is to finish safe, avoid unnecessary payments and keep the cutting work within the three-hour tidal window and the ₹5,000 PPE limit.","With a fixed daily PPE budget of ₹5,000, respirators and disposable coveralls are bought first, followed by gloves, eye protection and ___.",,ear plugs,B1,comprehension,B2,"Changed from B1 to B2: The question utilizes specialized technical vocabulary related to occupational safety, such as 'respirators' and 'disposable coveralls', which is characteristic of upper-intermediate proficiency.",FLAG,none,comprehension,The question requires connecting the stated facts regarding the order of PPE purchases to complete the sequence.,0,0,1,1,none,requires_specialist_knowledge,requires_specialist_knowledge,REJECT,REJECT -- content: accuracy below target (0 < 90); clarity below target (1 < 4); completeness below target (1 < 4); fairness: requires_specialist_knowledge
2b238ab5-ee41-4f33-97b3-3ff633de008f,8e7cd4ff-23c1-46e9-97ea-f11ee8d3f87a,reading,match,"As a senior technician and micro-factory manager working on the portside of Rotterdam, I supervise the refurbishment of Nissan Leaf and Renault Zoe modules into containerized off-grid storage units. These second-life projects aim to extend useful battery life while offering affordable energy storage for pop-up construction sites and community projects near the quay. The work requires both mechanical skill and an understanding of electrical safety, because modules are heavy, contain high voltages and can behave unpredictably after years of service. In practice, each refurbishment decision balances performance recovery against residual risk.

European Union hazardous-waste export rules exert a strong influence on how we handle end-of-life components, and compliance cannot be overlooked. Under current legislation, batteries deemed hazardous must be treated within the EU unless exporters obtain specialised permits and documentation, a process that is costly and time-consuming. As a result, our micro-factory prioritises in-region reuse and certified recycling, keeping meticulous records of provenance, state of health and disposal pathways. This traceability reduces legal risk and often improves client confidence, but it also increases administrative load for a small team.

Another important operational constraint is the 72-hour dockside power-sharing window that the port authority grants to small businesses for charging and testing. During this window we must complete capacity checks, charge/discharge cycles and safety tests using the shared shore supply, which makes scheduling tight. To manage, we organise modules into test batches, sequence charge rates to avoid overloading the connection, and prepare contingency plans in case a module fails a test and requires immediate quarantine. The limited timeframe means some diagnostics are abbreviated, so we rely on conservative thresholds to prioritise safety.

On the technical side, available equipment is sparse: a single thermal camera serves as our primary non-contact diagnostic tool. Thermal imaging helps identify hotspots caused by internal short circuits or uneven cell balancing, but with only one camera we must inspect modules sequentially and document every scan. To compensate, we complement infrared images with manual temperature probes and detailed voltage measurements, creating a cross-checked safety profile for each module. Training staff in consistent scanning procedures and maintaining calibration records both reduce error and support the documentation required by regulators.

Financial constraints are equally pressing: a tooling budget of $1,500 per month forces difficult choices about which instruments to acquire and which to improvise. Essential purchases typically include insulated hand tools, a voltmeter, a balancer and replacement contactors, while heavier equipment such as automated cyclers must be deferred or accessed via local makerspaces. Economies of scale are limited at our micro-factory, so we prioritise modular investments that yield repeated benefits, reuse salvaged fixtures when safe, and negotiate short-term loans of specialised tools from nearby workshops. Effective budgeting therefore depends on strict inventory control and an emphasis on low-cost, high-impact fixes.

In summary, refurbishing Nissan Leaf and Renault Zoe modules at the dockside requires a careful balancing of safety, law and budgetary reality. Compliance with hazardous-waste rules imposes paperwork and process requirements that protect both the environment and our legal standing, the 72-hour dockside window demands efficient scheduling and conservative testing, and the constraints of a single thermal camera and modest tooling budget force creative technical and managerial solutions. If micro-recyclers can standardise documentation, share specialised equipment, and develop low-cost testing protocols, second-life storage solutions could become both safer and more economically viable across European ports.","{""title"": ""Match the following headings to the correct paragraph"", ""questions"": [""Paragraph 1: As a senior technician and micro-factory manager working on the portside of Rotterdam, I supervise the refurbishment of ..."", ""Paragraph 3: Another important operational constraint is the 72-hour dockside power-sharing window that the port authority grants to ..."", ""Paragraph 4: On the technical side, available equipment is sparse: a single thermal camera serves as our primary non-contact diagnost...""]}",Financial pressures affecting equipment purchases|Compensating for limited diagnostic equipment with cross-checked procedures|Balancing performance recovery and safety during EV module refurbishment|Legal regulations dictating battery reuse and recycling|Managing constrained dockside testing windows and sequencing,1->Balancing performance recovery and safety during EV module refurbishment; 3->Managing constrained dockside testing windows and sequencing; 4->Compensating for limited diagnostic equipment with cross-checked procedures,B2,comprehension,B2,No change -- confirmed B2: The question requires identifying the main ideas of a technical text that uses specialized professional vocabulary and complex sentence structures.,FLAG,missing_end_punctuation,comprehension,The task requires understanding the main idea of each paragraph and connecting the stated facts to the most appropriate summary heading.,100,0,5,4,none,none,pass,REJECT,REJECT -- content: rule flags: missing_end_punctuation
2b238ab5-ee41-4f33-97b3-3ff633de008f,39d6053c-d1fb-440a-ba8b-0c2cd64fe6f9,reading,mcq,"As a senior technician and micro-factory manager working on the portside of Rotterdam, I supervise the refurbishment of Nissan Leaf and Renault Zoe modules into containerized off-grid storage units. These second-life projects aim to extend useful battery life while offering affordable energy storage for pop-up construction sites and community projects near the quay. The work requires both mechanical skill and an understanding of electrical safety, because modules are heavy, contain high voltages and can behave unpredictably after years of service. In practice, each refurbishment decision balances performance recovery against residual risk.

European Union hazardous-waste export rules exert a strong influence on how we handle end-of-life components, and compliance cannot be overlooked. Under current legislation, batteries deemed hazardous must be treated within the EU unless exporters obtain specialised permits and documentation, a process that is costly and time-consuming. As a result, our micro-factory prioritises in-region reuse and certified recycling, keeping meticulous records of provenance, state of health and disposal pathways. This traceability reduces legal risk and often improves client confidence, but it also increases administrative load for a small team.

Another important operational constraint is the 72-hour dockside power-sharing window that the port authority grants to small businesses for charging and testing. During this window we must complete capacity checks, charge/discharge cycles and safety tests using the shared shore supply, which makes scheduling tight. To manage, we organise modules into test batches, sequence charge rates to avoid overloading the connection, and prepare contingency plans in case a module fails a test and requires immediate quarantine. The limited timeframe means some diagnostics are abbreviated, so we rely on conservative thresholds to prioritise safety.

On the technical side, available equipment is sparse: a single thermal camera serves as our primary non-contact diagnostic tool. Thermal imaging helps identify hotspots caused by internal short circuits or uneven cell balancing, but with only one camera we must inspect modules sequentially and document every scan. To compensate, we complement infrared images with manual temperature probes and detailed voltage measurements, creating a cross-checked safety profile for each module. Training staff in consistent scanning procedures and maintaining calibration records both reduce error and support the documentation required by regulators.

Financial constraints are equally pressing: a tooling budget of $1,500 per month forces difficult choices about which instruments to acquire and which to improvise. Essential purchases typically include insulated hand tools, a voltmeter, a balancer and replacement contactors, while heavier equipment such as automated cyclers must be deferred or accessed via local makerspaces. Economies of scale are limited at our micro-factory, so we prioritise modular investments that yield repeated benefits, reuse salvaged fixtures when safe, and negotiate short-term loans of specialised tools from nearby workshops. Effective budgeting therefore depends on strict inventory control and an emphasis on low-cost, high-impact fixes.

In summary, refurbishing Nissan Leaf and Renault Zoe modules at the dockside requires a careful balancing of safety, law and budgetary reality. Compliance with hazardous-waste rules imposes paperwork and process requirements that protect both the environment and our legal standing, the 72-hour dockside window demands efficient scheduling and conservative testing, and the constraints of a single thermal camera and modest tooling budget force creative technical and managerial solutions. If micro-recyclers can standardise documentation, share specialised equipment, and develop low-cost testing protocols, second-life storage solutions could become both safer and more economically viable across European ports.","In the context of the passage, what is the best meaning of the word 'provenance' as used in the sentence about keeping meticulous records?",The legal ownership status of each battery module|The original source and history of each battery module|The expected future use of each module after refurbishment|The method by which a module will be disposed of,The original source and history of each battery module,B2,vocabulary,C1,"Changed from B2 to C1: The question requires understanding a sophisticated, specialized vocabulary word ('provenance') within a technical context, which is characteristic of advanced-level reading comprehension.",FLAG,none,vocabulary,The question asks for the meaning of the specific word 'provenance' within the context of the passage.,0,1,1,1,weak_distractors,none,pass,REJECT,REJECT -- content: accuracy below target (0 < 90); 1 grammar error(s) found; clarity below target (1 < 4); completeness below target (1 < 4); construction: weak_distractors
2b238ab5-ee41-4f33-97b3-3ff633de008f,2d55efef-3c90-4c93-a772-c266d2f2c9d4,reading,mcq,"As a senior technician and micro-factory manager working on the portside of Rotterdam, I supervise the refurbishment of Nissan Leaf and Renault Zoe modules into containerized off-grid storage units. These second-life projects aim to extend useful battery life while offering affordable energy storage for pop-up construction sites and community projects near the quay. The work requires both mechanical skill and an understanding of electrical safety, because modules are heavy, contain high voltages and can behave unpredictably after years of service. In practice, each refurbishment decision balances performance recovery against residual risk.

European Union hazardous-waste export rules exert a strong influence on how we handle end-of-life components, and compliance cannot be overlooked. Under current legislation, batteries deemed hazardous must be treated within the EU unless exporters obtain specialised permits and documentation, a process that is costly and time-consuming. As a result, our micro-factory prioritises in-region reuse and certified recycling, keeping meticulous records of provenance, state of health and disposal pathways. This traceability reduces legal risk and often improves client confidence, but it also increases administrative load for a small team.

Another important operational constraint is the 72-hour dockside power-sharing window that the port authority grants to small businesses for charging and testing. During this window we must complete capacity checks, charge/discharge cycles and safety tests using the shared shore supply, which makes scheduling tight. To manage, we organise modules into test batches, sequence charge rates to avoid overloading the connection, and prepare contingency plans in case a module fails a test and requires immediate quarantine. The limited timeframe means some diagnostics are abbreviated, so we rely on conservative thresholds to prioritise safety.

On the technical side, available equipment is sparse: a single thermal camera serves as our primary non-contact diagnostic tool. Thermal imaging helps identify hotspots caused by internal short circuits or uneven cell balancing, but with only one camera we must inspect modules sequentially and document every scan. To compensate, we complement infrared images with manual temperature probes and detailed voltage measurements, creating a cross-checked safety profile for each module. Training staff in consistent scanning procedures and maintaining calibration records both reduce error and support the documentation required by regulators.

Financial constraints are equally pressing: a tooling budget of $1,500 per month forces difficult choices about which instruments to acquire and which to improvise. Essential purchases typically include insulated hand tools, a voltmeter, a balancer and replacement contactors, while heavier equipment such as automated cyclers must be deferred or accessed via local makerspaces. Economies of scale are limited at our micro-factory, so we prioritise modular investments that yield repeated benefits, reuse salvaged fixtures when safe, and negotiate short-term loans of specialised tools from nearby workshops. Effective budgeting therefore depends on strict inventory control and an emphasis on low-cost, high-impact fixes.

In summary, refurbishing Nissan Leaf and Renault Zoe modules at the dockside requires a careful balancing of safety, law and budgetary reality. Compliance with hazardous-waste rules imposes paperwork and process requirements that protect both the environment and our legal standing, the 72-hour dockside window demands efficient scheduling and conservative testing, and the constraints of a single thermal camera and modest tooling budget force creative technical and managerial solutions. If micro-recyclers can standardise documentation, share specialised equipment, and develop low-cost testing protocols, second-life storage solutions could become both safer and more economically viable across European ports.","According to the passage, how does the 72-hour dockside power-sharing window primarily affect the micro-factory's testing process?","It permits lengthy, in-depth diagnostics for all modules because power is guaranteed.|It creates tight schedules, requiring batch organisation, sequenced charging and contingency plans for failed tests.|It removes the need for safety documentation since tests must be completed quickly.|It obliges exclusive continuous use of the thermal camera throughout the window to speed testing.","It creates tight schedules, requiring batch organisation, sequenced charging and contingency plans for failed tests.",B2,comprehension,C1,"Changed from B2 to C1: The question uses sophisticated, technical vocabulary and requires the reader to understand complex cause-and-effect relationships within a professional context.",FLAG,none,comprehension,The question requires connecting the stated fact of the 72-hour time constraint to its specific operational consequences on the testing process.,0,0,4,1,weak_distractors,none,pass,REJECT,REJECT -- content: accuracy below target (0 < 90); completeness below target (1 < 4); construction: weak_distractors
a0875b74-c00f-4ad7-96c0-613be6ecd8fa,03867c0a-b56d-4ef7-a415-82d2403f7ce8,reading,match,"As leader of a DEP-certified forensic dive team, I coordinate winter recovery operations in the Gowanus Canal after a combined sewer overflow (CSO) event. The canal is a constrained urban waterway with limited boat access, narrow slips, and variable ice or slush in colder months. These physical constraints shape every operational decision, from the time we deploy divers to how we secure and transport samples. The objective is to recover microplastic pellets that may have washed in with the CSO and to maintain an unbroken evidentiary chain so that results will be defensible for regulatory or legal use.

Planning begins with a rapid risk assessment and logistical review. Given a $15,000 seasonal grant and a single portable Raman spectrometer, priorities must be set carefully. Budgetary limits dictate the number of field days, the amount of consumables such as sample bags and preservatives, and even the fuel for our limited boat access. The single Raman unit allows on-site polymer identification, which can expedite decisions about which samples require laboratory confirmation. However, because the unit must be shared among team members and protected from cold, we schedule its use for sheltered periods to avoid thermal drift and instrument failure.

Field procedures combine forensic rigor with practical adaptation to winter conditions. Divers follow standardized sampling protocols that include photographic documentation, GPS logging, and sequential bagging to prevent cross-contamination. Each sample is labeled with a unique identifier, time stamp, and chain-of-custody form, and is placed in a secondary seal before being transferred to a secure cooler. The team adheres to a strict 48-hour rule: samples must remain under documented control and reach an accredited laboratory or secure storage within two days. This constraint affects our sampling rate and the number of concurrent collection points we can service during a single outing.

Communication with stakeholders is essential and often complex. We liaise with the Department of Environmental Protection, local community groups, and occasionally legal counsel, each of which has different informational needs and expectations. DEP requires timely evidence handling documentation; community groups are concerned about public health and transparency; legal advisors emphasize chain-of-custody integrity. To balance these demands, we produce concise daily reports that summarise recovery locations, initial Raman identifications, and any deviations from protocol. These reports are intentionally hedged, noting that preliminary identifications may require confirmatory laboratory analysis.

Resource constraints necessitate difficult trade-offs. Limited boat access means that some canal segments can only be reached at specific tidal windows, which may not align with optimal daylight or warmer periods. The seasonal grant restricts overtime and additional hires, so team members often multitask, taking on roles from dive safety officer to evidence custodian. Consequently, we prioritize sites with the highest likelihood of pellet deposition, such as eddies and low-flow stretches downstream of the CSO outfall. This targeted approach increases the efficiency of the single portable Raman but may leave lower-priority areas unsampled until further funding becomes available.

Safety and scientific integrity remain paramount despite constraints. Winter diving increases physiological and logistic risks, and evidence handling under these conditions can be challenging; nonetheless, careful planning, robust documentation, and clear communication mitigate many of these risks. While the operation may be modest in scale-driven by a $15K grant and a single spectrometer-the methods and principles we apply could be scaled to larger responses. Ultimately, our goal is to produce reliable, legally defensible findings about microplastic pellet contamination in the Gowanus Canal while maintaining transparency with regulators and the community.","{""title"": ""Match the following headings to the correct paragraph"", ""questions"": [""Paragraph 1: As leader of a DEP-certified forensic dive team, I coordinate winter recovery operations in the Gowanus Canal after a co..."", ""Paragraph 3: Field procedures combine forensic rigor with practical adaptation to winter conditions. Divers follow standardized sampl..."", ""Paragraph 6: Safety and scientific integrity remain paramount despite constraints. Winter diving increases physiological and logistic...""]}",Prioritising sampling locations because of restricted access and limited funding|Standardised field protocols and chain-of-custody procedures in winter conditions|Overview of winter recovery objectives and operational constraints|Coordination with stakeholders and concise reporting of preliminary findings|Maintaining safety and scientific integrity despite resource limits,1->Overview of winter recovery objectives and operational constraints; 3->Standardised field protocols and chain-of-custody procedures in winter conditions; 6->Maintaining safety and scientific integrity despite resource limits,B2,comprehension,C1,"Changed from B2 to C1: The text utilizes highly specialized, technical vocabulary and complex sentence structures typical of professional or academic reports, requiring a high level of reading comprehension.",FLAG,missing_end_punctuation,comprehension,"The task requires understanding the main idea of each paragraph to match it with the appropriate heading, which involves connecting the stated facts in the text to their summaries.",20,0,2,5,none,none,pass,REJECT,REJECT -- content: accuracy below target (20 < 90); clarity below target (2 < 4); rule flags: missing_end_punctuation
a0875b74-c00f-4ad7-96c0-613be6ecd8fa,1b20eb42-5b1a-4335-bc45-33ac968f9b6d,reading,mcq,"As leader of a DEP-certified forensic dive team, I coordinate winter recovery operations in the Gowanus Canal after a combined sewer overflow (CSO) event. The canal is a constrained urban waterway with limited boat access, narrow slips, and variable ice or slush in colder months. These physical constraints shape every operational decision, from the time we deploy divers to how we secure and transport samples. The objective is to recover microplastic pellets that may have washed in with the CSO and to maintain an unbroken evidentiary chain so that results will be defensible for regulatory or legal use.

Planning begins with a rapid risk assessment and logistical review. Given a $15,000 seasonal grant and a single portable Raman spectrometer, priorities must be set carefully. Budgetary limits dictate the number of field days, the amount of consumables such as sample bags and preservatives, and even the fuel for our limited boat access. The single Raman unit allows on-site polymer identification, which can expedite decisions about which samples require laboratory confirmation. However, because the unit must be shared among team members and protected from cold, we schedule its use for sheltered periods to avoid thermal drift and instrument failure.

Field procedures combine forensic rigor with practical adaptation to winter conditions. Divers follow standardized sampling protocols that include photographic documentation, GPS logging, and sequential bagging to prevent cross-contamination. Each sample is labeled with a unique identifier, time stamp, and chain-of-custody form, and is placed in a secondary seal before being transferred to a secure cooler. The team adheres to a strict 48-hour rule: samples must remain under documented control and reach an accredited laboratory or secure storage within two days. This constraint affects our sampling rate and the number of concurrent collection points we can service during a single outing.

Communication with stakeholders is essential and often complex. We liaise with the Department of Environmental Protection, local community groups, and occasionally legal counsel, each of which has different informational needs and expectations. DEP requires timely evidence handling documentation; community groups are concerned about public health and transparency; legal advisors emphasize chain-of-custody integrity. To balance these demands, we produce concise daily reports that summarise recovery locations, initial Raman identifications, and any deviations from protocol. These reports are intentionally hedged, noting that preliminary identifications may require confirmatory laboratory analysis.

Resource constraints necessitate difficult trade-offs. Limited boat access means that some canal segments can only be reached at specific tidal windows, which may not align with optimal daylight or warmer periods. The seasonal grant restricts overtime and additional hires, so team members often multitask, taking on roles from dive safety officer to evidence custodian. Consequently, we prioritize sites with the highest likelihood of pellet deposition, such as eddies and low-flow stretches downstream of the CSO outfall. This targeted approach increases the efficiency of the single portable Raman but may leave lower-priority areas unsampled until further funding becomes available.

Safety and scientific integrity remain paramount despite constraints. Winter diving increases physiological and logistic risks, and evidence handling under these conditions can be challenging; nonetheless, careful planning, robust documentation, and clear communication mitigate many of these risks. While the operation may be modest in scale-driven by a $15K grant and a single spectrometer-the methods and principles we apply could be scaled to larger responses. Ultimately, our goal is to produce reliable, legally defensible findings about microplastic pellet contamination in the Gowanus Canal while maintaining transparency with regulators and the community.","In the passage, the daily reports are described as being 'intentionally hedged.' Which option best captures the meaning of 'hedged' as used here?",Presented cautiously or with qualifications to avoid definitive claims|Composed using highly technical vocabulary to impress experts|Deliberately leaving out key information to mislead stakeholders|Written in an excessively positive tone to assure readers,Presented cautiously or with qualifications to avoid definitive claims,B2,vocabulary,C1,"Changed from B2 to C1: The question requires understanding a nuanced, sophisticated vocabulary word ('hedged') within a specialized, professional context.",FLAG,none,vocabulary,"The question specifically asks for the meaning of the word 'hedged' as used in the text, which aligns with the definition of the vocabulary skill.",0,0,2,1,none,"requires_specialist_knowledge, sensitive_content_review_needed","requires_specialist_knowledge, sensitive_content_review_needed",REJECT,"REJECT -- content: accuracy below target (0 < 90); clarity below target (2 < 4); completeness below target (1 < 4); fairness: requires_specialist_knowledge, sensitive_content_review_needed"
a0875b74-c00f-4ad7-96c0-613be6ecd8fa,48601663-88f6-4ba9-a512-ad92de0eb2e6,reading,mcq,"As leader of a DEP-certified forensic dive team, I coordinate winter recovery operations in the Gowanus Canal after a combined sewer overflow (CSO) event. The canal is a constrained urban waterway with limited boat access, narrow slips, and variable ice or slush in colder months. These physical constraints shape every operational decision, from the time we deploy divers to how we secure and transport samples. The objective is to recover microplastic pellets that may have washed in with the CSO and to maintain an unbroken evidentiary chain so that results will be defensible for regulatory or legal use.

Planning begins with a rapid risk assessment and logistical review. Given a $15,000 seasonal grant and a single portable Raman spectrometer, priorities must be set carefully. Budgetary limits dictate the number of field days, the amount of consumables such as sample bags and preservatives, and even the fuel for our limited boat access. The single Raman unit allows on-site polymer identification, which can expedite decisions about which samples require laboratory confirmation. However, because the unit must be shared among team members and protected from cold, we schedule its use for sheltered periods to avoid thermal drift and instrument failure.

Field procedures combine forensic rigor with practical adaptation to winter conditions. Divers follow standardized sampling protocols that include photographic documentation, GPS logging, and sequential bagging to prevent cross-contamination. Each sample is labeled with a unique identifier, time stamp, and chain-of-custody form, and is placed in a secondary seal before being transferred to a secure cooler. The team adheres to a strict 48-hour rule: samples must remain under documented control and reach an accredited laboratory or secure storage within two days. This constraint affects our sampling rate and the number of concurrent collection points we can service during a single outing.

Communication with stakeholders is essential and often complex. We liaise with the Department of Environmental Protection, local community groups, and occasionally legal counsel, each of which has different informational needs and expectations. DEP requires timely evidence handling documentation; community groups are concerned about public health and transparency; legal advisors emphasize chain-of-custody integrity. To balance these demands, we produce concise daily reports that summarise recovery locations, initial Raman identifications, and any deviations from protocol. These reports are intentionally hedged, noting that preliminary identifications may require confirmatory laboratory analysis.

Resource constraints necessitate difficult trade-offs. Limited boat access means that some canal segments can only be reached at specific tidal windows, which may not align with optimal daylight or warmer periods. The seasonal grant restricts overtime and additional hires, so team members often multitask, taking on roles from dive safety officer to evidence custodian. Consequently, we prioritize sites with the highest likelihood of pellet deposition, such as eddies and low-flow stretches downstream of the CSO outfall. This targeted approach increases the efficiency of the single portable Raman but may leave lower-priority areas unsampled until further funding becomes available.

Safety and scientific integrity remain paramount despite constraints. Winter diving increases physiological and logistic risks, and evidence handling under these conditions can be challenging; nonetheless, careful planning, robust documentation, and clear communication mitigate many of these risks. While the operation may be modest in scale-driven by a $15K grant and a single spectrometer-the methods and principles we apply could be scaled to larger responses. Ultimately, our goal is to produce reliable, legally defensible findings about microplastic pellet contamination in the Gowanus Canal while maintaining transparency with regulators and the community.","According to the passage, why do the team schedule the portable Raman spectrometer for use during sheltered periods?",To allow more team members to operate it simultaneously|Because sheltered periods coincide with peak pellet deposition|To avoid thermal drift and possible instrument failure in the cold|So that sample bags and preservatives can be stored nearby,To avoid thermal drift and possible instrument failure in the cold,B2,comprehension,C1,"Changed from B2 to C1: The question requires understanding highly specialized technical vocabulary and specific details within a complex, professional context.",FLAG,none,comprehension,The question requires connecting the environmental context of cold weather mentioned in the passage to the specific operational reason for using the spectrometer in sheltered periods.,100,0,4,2,none,none,pass,REJECT,REJECT -- content: completeness below target (2 < 4)
c31d5d53-0afc-4b89-b4b3-76287281b098,676c31fc-57ff-4a7d-985a-2e4635f065e1,reading,match,"I am a roof worker in Dhaka. I help my small team work fast. We work before the big rain. I live with my small family. I like to eat rice and fish.

We fix plastic roofs and flat roofs. We add a first clean part. We put tanks with a fine net. The net keeps bugs out of water. We use low cost parts and pipes. We test the water for bad smell.

We work in six week time. The work costs two hundred dollar. We need the house owner to say yes. The city paper can be slow. When rain comes fast water gets dirty. I tell the family to boil water. Many homes have a small yard. We teach the owner safe water use. We can help five to ten homes.","{""title"": ""Match the following statements to the correct paragraph"", ""questions"": [""A. The work takes six weeks."", ""B. They put a net to keep bugs out of the water.""]}",Paragraph 1: I am a roof worker in Dhaka. I help my small team work fast. We work before the big rain. I live with my small family. I...|Paragraph 3: We work in six week time. The work costs two hundred dollar. We need the house owner to say yes. The city paper can be s...|Paragraph 2: We fix plastic roofs and flat roofs. We add a first clean part. We put tanks with a fine net. The net keeps bugs out of ...,The work takes six weeks.->3; They put a net to keep bugs out of the water.->2,A1,comprehension,A1,"No change -- confirmed A1: The text uses extremely simple sentence structures and basic, high-frequency vocabulary related to everyday life and work.",FLAG,"missing_end_punctuation, answer_too_long_for_level, fully_redundant_with:91c56e6d-3201-453e-b722-5f67e2e161db",comprehension,"The task requires matching paraphrased statements to the correct paragraphs by understanding the meaning, which aligns with connecting stated facts rather than a simple verbatim lookup.",100,1,5,5,none,none,pass,REJECT,"REJECT -- content: 1 grammar error(s) found; rule flags: missing_end_punctuation, answer_too_long_for_level, fully_redundant_with:91c56e6d-3201-453e-b722-5f67e2e161db; rules: answer_too_long_for_level, fully_redundant_with:91c56e6d-3201-453e-b722-5f67e2e161db"
c31d5d53-0afc-4b89-b4b3-76287281b098,b70d1f35-0e8b-4dc5-88d7-2b5d660d9b47,reading,mcq,"I am a roof worker in Dhaka. I help my small team work fast. We work before the big rain. I live with my small family. I like to eat rice and fish.

We fix plastic roofs and flat roofs. We add a first clean part. We put tanks with a fine net. The net keeps bugs out of water. We use low cost parts and pipes. We test the water for bad smell.

We work in six week time. The work costs two hundred dollar. We need the house owner to say yes. The city paper can be slow. When rain comes fast water gets dirty. I tell the family to boil water. Many homes have a small yard. We teach the owner safe water use. We can help five to ten homes.",Why do they work before the big rain?,To get the roof ready to catch rain.|To sleep before rain.|To plant trees.,To get the roof ready to catch rain.,A1,inference,A2,"Changed from A1 to A2: The text uses simple sentence structures and basic vocabulary to describe a person's work and daily life, which is characteristic of the A2 level.",FLAG,answer_too_long_for_level,inference,"The answer is an unstated conclusion drawn from the context of the workers' job and the timing of their work, as the text does not explicitly state the reason for working before the rain.",90,0,2,5,none,none,pass,REJECT,REJECT -- content: clarity below target (2 < 4); rule flags: answer_too_long_for_level; rules: answer_too_long_for_level
c31d5d53-0afc-4b89-b4b3-76287281b098,91c56e6d-3201-453e-b722-5f67e2e161db,reading,mcq,"I am a roof worker in Dhaka. I help my small team work fast. We work before the big rain. I live with my small family. I like to eat rice and fish.

We fix plastic roofs and flat roofs. We add a first clean part. We put tanks with a fine net. The net keeps bugs out of water. We use low cost parts and pipes. We test the water for bad smell.

We work in six week time. The work costs two hundred dollar. We need the house owner to say yes. The city paper can be slow. When rain comes fast water gets dirty. I tell the family to boil water. Many homes have a small yard. We teach the owner safe water use. We can help five to ten homes.",What does the net do in the tanks?,It keeps bugs out of the water.|It makes the water hot.|It breaks the tank.,It keeps bugs out of the water.,A1,vocabulary,A1,"No change -- confirmed A1: The text uses extremely simple sentence structures and basic vocabulary, and the question requires direct retrieval of a fact explicitly stated in the text.",FLAG,"answer_too_long_for_level, fully_redundant_with:676c31fc-57ff-4a7d-985a-2e4635f065e1",recall,"The question asks for information that is stated verbatim in the text, which constitutes a recall task rather than a vocabulary task.",100,0,5,5,none,none,pass,REJECT,"REJECT -- content: rule flags: answer_too_long_for_level, fully_redundant_with:676c31fc-57ff-4a7d-985a-2e4635f065e1; rules: answer_too_long_for_level, fully_redundant_with:676c31fc-57ff-4a7d-985a-2e4635f065e1"
c31d5d53-0afc-4b89-b4b3-76287281b098,ebfd02f0-a62e-4209-9613-d0e1e1d0df50,reading,mcq,"I am a roof worker in Dhaka. I help my small team work fast. We work before the big rain. I live with my small family. I like to eat rice and fish.

We fix plastic roofs and flat roofs. We add a first clean part. We put tanks with a fine net. The net keeps bugs out of water. We use low cost parts and pipes. We test the water for bad smell.

We work in six week time. The work costs two hundred dollar. We need the house owner to say yes. The city paper can be slow. When rain comes fast water gets dirty. I tell the family to boil water. Many homes have a small yard. We teach the owner safe water use. We can help five to ten homes.",What is the main job in this text?,They fix roofs and help make water safe.|They cook rice and fish for homes.|They sell papers in the city.,They fix roofs and help make water safe.,A1,comprehension,A1,"No change -- confirmed A1: The text uses extremely simple sentence structures and basic vocabulary, making the main idea easy to identify.",FLAG,answer_too_long_for_level,comprehension,The question requires connecting the stated facts about fixing roofs and installing water tanks to determine the overall main job.,100,0,2,5,none,none,pass,REJECT,REJECT -- content: clarity below target (2 < 4); rule flags: answer_too_long_for_level; rules: answer_too_long_for_level
aa12254b-e2cc-4b1e-bbd7-2431019134b1,a9c4a729-3347-4b4a-9271-b62593d1fdaa,reading,mcq,"I lead a small help team. I have a wife and son. We live near the big hill. I go to work each day. I look to find lost people.

We use small flying things. They can fly and see. They make a map of place. We look for food and water. We work fast for three days. We change the small batteries. A few men and women help.

We do not take face photos. We use a safe talk line. The town has a time rule. We help the sick and old. My job is to bring hope. I love my team and town.",What is the main job of the team in the town?,They find lost people|They build big houses|They sell maps,They find lost people,A1,comprehension,A1,No change -- confirmed A1: The text uses very simple vocabulary and basic subject-verb-object sentence structures characteristic of the beginner level.,FLAG,none,comprehension,The question requires connecting the fact that the speaker leads the team with the specific task mentioned to determine the team's overall purpose.,100,-1,2,5,none,none,pass,REJECT,REJECT -- content: grammar score could not be determined; clarity below target (2 < 4)
aa12254b-e2cc-4b1e-bbd7-2431019134b1,7eaa572f-81e8-4a8d-8014-d5d58aebae59,reading,mcq,"I lead a small help team. I have a wife and son. We live near the big hill. I go to work each day. I look to find lost people.

We use small flying things. They can fly and see. They make a map of place. We look for food and water. We work fast for three days. We change the small batteries. A few men and women help.

We do not take face photos. We use a safe talk line. The town has a time rule. We help the sick and old. My job is to bring hope. I love my team and town.",How many days do they work fast?,One day|Three days|Seven days,Three days,A1,recall,A1,"No change -- confirmed A1: The text uses extremely simple sentence structures and basic vocabulary, and the question requires identifying a single specific piece of information directly stated in the text.",PASS,none,recall,"The question asks for a specific piece of information that is explicitly stated in the text, requiring a verbatim lookup.",100,0,5,5,none,none,pass,USE,USE -- passed
aa12254b-e2cc-4b1e-bbd7-2431019134b1,cce4c450-31b9-4228-a1ef-1a61328bb979,reading,mcq,"I lead a small help team. I have a wife and son. We live near the big hill. I go to work each day. I look to find lost people.

We use small flying things. They can fly and see. They make a map of place. We look for food and water. We work fast for three days. We change the small batteries. A few men and women help.

We do not take face photos. We use a safe talk line. The town has a time rule. We help the sick and old. My job is to bring hope. I love my team and town.",Why do they not take face photos?,To keep people safe|To sell the photos|To make the drones fly faster,To keep people safe,A1,inference,A1,"No change -- confirmed A1: The text uses extremely simple subject-verb-object sentence structures and basic, high-frequency vocabulary characteristic of the beginner level.",FLAG,none,inference,"The answer 'To keep people safe' is an unstated conclusion drawn from the context of using a 'safe talk line' and avoiding facial photos, which fits the definition of inference.",100,0,2,5,none,none,pass,REJECT,REJECT -- content: clarity below target (2 < 4)
aa12254b-e2cc-4b1e-bbd7-2431019134b1,68d67cf2-ef97-448e-abb2-cdfb651e0df0,reading,short_answer,"I lead a small help team. I have a wife and son. We live near the big hill. I go to work each day. I look to find lost people.

We use small flying things. They can fly and see. They make a map of place. We look for food and water. We work fast for three days. We change the small batteries. A few men and women help.

We do not take face photos. We use a safe talk line. The town has a time rule. We help the sick and old. My job is to bring hope. I love my team and town.",Which word in the title means a small flying thing?,,Drone,A1,vocabulary,A1,No change -- confirmed A1: The passage uses extremely simple sentence structures and basic vocabulary typical of the A1 level.,FLAG,none,vocabulary,"The question asks to identify a word based on its meaning, which aligns with the definition of vocabulary.",90,0,2,2,none,none,pass,REJECT,REJECT -- content: clarity below target (2 < 4); completeness below target (2 < 4)
aa12254b-e2cc-4b1e-bbd7-2431019134b1,84727e81-fc75-4d60-804c-9522a4ebcd01,reading,short_answer,"I lead a small help team. I have a wife and son. We live near the big hill. I go to work each day. I look to find lost people.

We use small flying things. They can fly and see. They make a map of place. We look for food and water. We work fast for three days. We change the small batteries. A few men and women help.

We do not take face photos. We use a safe talk line. The town has a time rule. We help the sick and old. My job is to bring hope. I love my team and town.",How many help?,,a few,A1,comprehension,A1,"No change -- confirmed A1: The text uses extremely simple sentence structures and basic vocabulary, and the question asks for a direct piece of information found in the text.",FLAG,none,recall,"The answer 'a few' is explicitly stated in the text, which constitutes a verbatim lookup.",-1,1,1,5,none,none,pass,REJECT,REJECT -- content: accuracy could not be determined; 1 grammar error(s) found; clarity below target (1 < 4)
63736939-ff35-4dfb-bce2-110a5f990f84,27fbf152-2ea9-4787-8282-fb641e98dc4b,reading,true_false,"As the rooftop droneport manager for a twenty-story Brooklyn co-op, I am responsible for coordinating flights, maintaining equipment, and mediating between residents and regulators. My building hosts a compact vertiport that primarily supports emergency medical evacuations, but also accommodates deliveries and occasional commercial testing. Operating in a dense urban environment means that safety, regulatory compliance and neighbour relations are interdependent priorities. Consequently, procedures are governed by NYC-specific FAA Part 107 waivers and by the co-op's own bylaws, which together create a framework of obligations and constraints that must be balanced on a daily basis.

Medevac missions receive operational priority because they may involve life-critical transfers and require rapid response. Typically, medevac requests originate from hospitals, EMS crews or on-site physicians and are routed through a predefined escalation protocol that allows the vertiport to clear a temporal corridor and mobilise resources within minutes. While urgent flights are prioritised, they are still subject to the Part 107 waivers that restrict altitude, line-of-sight and approved corridors; therefore, I routinely seek expedited coordination with the Federal aviation authorities and local EMS to confirm exemptions when a mission might occur during restricted hours. In practice, medevac flights may be authorised to operate outside routine limits, but only when documentation and risk mitigations accompany the request.

Maintaining visual-line-of-sight (VLOS) is a central safety requirement and one of my most time-consuming scheduling tasks. Post-waiver night operations and any flights that penetrate congested airspace typically require multiple trained observers positioned around the roof perimeter and adjacent terraces to guarantee continuous visual contact. Scheduling observers involves shift planning that aligns with residents' patterns, ensures redundancy, and complies with rest-period regulations for contracted staff. Observers must log observations, radio transmissions and any deviations from planned trajectories; these records form part of both compliance audits and incident investigations and thus must be meticulously kept.

Noise abatement is a contentious but addressable aspect of rooftop operations. Residents are often willing to permit emergency flights when the community understands the benefits, yet routine noise from testing or deliveries can provoke complaints. To reduce disturbance, I negotiate noise-abatement agreements that specify preferred approach vectors, minimum altitudes, propeller dampening measures, and temporal restrictions, including an enforced curfew after 11pm. The 11pm curfew aims to protect night-time quiet hours, and enforcement typically involves automatic scheduling blocks in our flight management system; however, agreements commonly allow case-by-case exceptions for medically necessary flights, subject to post-flight reporting and review.

Financial constraints impose another layer of operational decision-making. The co-op allocates a combined maintenance and insurance budget capped at forty thousand dollars per annum, which creates trade-offs between planned preventive maintenance, spare parts inventory and comprehensive insurance coverage. Within this cap, I prioritise items that directly affect safety and compliance-such as battery testing, software updates for collision-avoidance systems, and liability coverage that meets waiver conditions-while deferring lower-risk upgrades when feasible. Transparent budgeting and periodic cost-benefit reviews with the board help to justify expenditures that might otherwise be perceived as discretionary.

Balancing medevac priority, VLOS staffing, noise mitigation and a strict budget under the constraints of NYC FAA Part 107 waivers requires constant adaptation. I therefore maintain a living contingency plan that incorporates technological upgrades, periodic community consultations, and a formal liaison role with neighbourhood associations and regulators. By documenting procedures, clarifying the circumstances under which curfew exceptions are permitted, and by keeping transparent financial records, the rooftop droneport can deliver critical emergency services while minimising disruption to residents and remaining within regulatory and fiscal limits.","The rooftop facility is chiefly intended for urgent medical patient transfers, although it also handles parcel deliveries and occasional commercial trials.",True|False|Not Given,TRUE,B2,comprehension,B2,No change -- confirmed B2: The question requires the reader to recognize paraphrased information and understand more sophisticated vocabulary within a professional context.,PASS,none,comprehension,"The question rephrases the stated facts about the vertiport's primary and secondary functions, requiring an understanding of the text rather than a verbatim lookup.",100,0,5,5,none,none,pass,USE,USE -- passed
63736939-ff35-4dfb-bce2-110a5f990f84,fcbf4e63-b8e1-4559-86c3-9a5bc087b396,reading,true_false,"As the rooftop droneport manager for a twenty-story Brooklyn co-op, I am responsible for coordinating flights, maintaining equipment, and mediating between residents and regulators. My building hosts a compact vertiport that primarily supports emergency medical evacuations, but also accommodates deliveries and occasional commercial testing. Operating in a dense urban environment means that safety, regulatory compliance and neighbour relations are interdependent priorities. Consequently, procedures are governed by NYC-specific FAA Part 107 waivers and by the co-op's own bylaws, which together create a framework of obligations and constraints that must be balanced on a daily basis.

Medevac missions receive operational priority because they may involve life-critical transfers and require rapid response. Typically, medevac requests originate from hospitals, EMS crews or on-site physicians and are routed through a predefined escalation protocol that allows the vertiport to clear a temporal corridor and mobilise resources within minutes. While urgent flights are prioritised, they are still subject to the Part 107 waivers that restrict altitude, line-of-sight and approved corridors; therefore, I routinely seek expedited coordination with the Federal aviation authorities and local EMS to confirm exemptions when a mission might occur during restricted hours. In practice, medevac flights may be authorised to operate outside routine limits, but only when documentation and risk mitigations accompany the request.

Maintaining visual-line-of-sight (VLOS) is a central safety requirement and one of my most time-consuming scheduling tasks. Post-waiver night operations and any flights that penetrate congested airspace typically require multiple trained observers positioned around the roof perimeter and adjacent terraces to guarantee continuous visual contact. Scheduling observers involves shift planning that aligns with residents' patterns, ensures redundancy, and complies with rest-period regulations for contracted staff. Observers must log observations, radio transmissions and any deviations from planned trajectories; these records form part of both compliance audits and incident investigations and thus must be meticulously kept.

Noise abatement is a contentious but addressable aspect of rooftop operations. Residents are often willing to permit emergency flights when the community understands the benefits, yet routine noise from testing or deliveries can provoke complaints. To reduce disturbance, I negotiate noise-abatement agreements that specify preferred approach vectors, minimum altitudes, propeller dampening measures, and temporal restrictions, including an enforced curfew after 11pm. The 11pm curfew aims to protect night-time quiet hours, and enforcement typically involves automatic scheduling blocks in our flight management system; however, agreements commonly allow case-by-case exceptions for medically necessary flights, subject to post-flight reporting and review.

Financial constraints impose another layer of operational decision-making. The co-op allocates a combined maintenance and insurance budget capped at forty thousand dollars per annum, which creates trade-offs between planned preventive maintenance, spare parts inventory and comprehensive insurance coverage. Within this cap, I prioritise items that directly affect safety and compliance-such as battery testing, software updates for collision-avoidance systems, and liability coverage that meets waiver conditions-while deferring lower-risk upgrades when feasible. Transparent budgeting and periodic cost-benefit reviews with the board help to justify expenditures that might otherwise be perceived as discretionary.

Balancing medevac priority, VLOS staffing, noise mitigation and a strict budget under the constraints of NYC FAA Part 107 waivers requires constant adaptation. I therefore maintain a living contingency plan that incorporates technological upgrades, periodic community consultations, and a formal liaison role with neighbourhood associations and regulators. By documenting procedures, clarifying the circumstances under which curfew exceptions are permitted, and by keeping transparent financial records, the rooftop droneport can deliver critical emergency services while minimising disruption to residents and remaining within regulatory and fiscal limits.",The co-op sets aside fifteen thousand dollars per year for combined maintenance and insurance of the droneport.,True|False|Not Given,FALSE,B2,recall,B2,"No change -- confirmed B2: The question requires scanning a professional text for specific financial details and technical terminology like 'maintenance' and 'insurance', which is characteristic of B2-level reading comprehension.",FLAG,none,recall,The question asks for a specific factual detail (a monetary amount) which requires a direct verbatim lookup of information within the text.,100,0,4,1,none,none,pass,REJECT,REJECT -- content: completeness below target (1 < 4)
63736939-ff35-4dfb-bce2-110a5f990f84,3cb90bc7-51f4-494b-9df9-9c561cf9c6e9,reading,true_false,"As the rooftop droneport manager for a twenty-story Brooklyn co-op, I am responsible for coordinating flights, maintaining equipment, and mediating between residents and regulators. My building hosts a compact vertiport that primarily supports emergency medical evacuations, but also accommodates deliveries and occasional commercial testing. Operating in a dense urban environment means that safety, regulatory compliance and neighbour relations are interdependent priorities. Consequently, procedures are governed by NYC-specific FAA Part 107 waivers and by the co-op's own bylaws, which together create a framework of obligations and constraints that must be balanced on a daily basis.

Medevac missions receive operational priority because they may involve life-critical transfers and require rapid response. Typically, medevac requests originate from hospitals, EMS crews or on-site physicians and are routed through a predefined escalation protocol that allows the vertiport to clear a temporal corridor and mobilise resources within minutes. While urgent flights are prioritised, they are still subject to the Part 107 waivers that restrict altitude, line-of-sight and approved corridors; therefore, I routinely seek expedited coordination with the Federal aviation authorities and local EMS to confirm exemptions when a mission might occur during restricted hours. In practice, medevac flights may be authorised to operate outside routine limits, but only when documentation and risk mitigations accompany the request.

Maintaining visual-line-of-sight (VLOS) is a central safety requirement and one of my most time-consuming scheduling tasks. Post-waiver night operations and any flights that penetrate congested airspace typically require multiple trained observers positioned around the roof perimeter and adjacent terraces to guarantee continuous visual contact. Scheduling observers involves shift planning that aligns with residents' patterns, ensures redundancy, and complies with rest-period regulations for contracted staff. Observers must log observations, radio transmissions and any deviations from planned trajectories; these records form part of both compliance audits and incident investigations and thus must be meticulously kept.

Noise abatement is a contentious but addressable aspect of rooftop operations. Residents are often willing to permit emergency flights when the community understands the benefits, yet routine noise from testing or deliveries can provoke complaints. To reduce disturbance, I negotiate noise-abatement agreements that specify preferred approach vectors, minimum altitudes, propeller dampening measures, and temporal restrictions, including an enforced curfew after 11pm. The 11pm curfew aims to protect night-time quiet hours, and enforcement typically involves automatic scheduling blocks in our flight management system; however, agreements commonly allow case-by-case exceptions for medically necessary flights, subject to post-flight reporting and review.

Financial constraints impose another layer of operational decision-making. The co-op allocates a combined maintenance and insurance budget capped at forty thousand dollars per annum, which creates trade-offs between planned preventive maintenance, spare parts inventory and comprehensive insurance coverage. Within this cap, I prioritise items that directly affect safety and compliance-such as battery testing, software updates for collision-avoidance systems, and liability coverage that meets waiver conditions-while deferring lower-risk upgrades when feasible. Transparent budgeting and periodic cost-benefit reviews with the board help to justify expenditures that might otherwise be perceived as discretionary.

Balancing medevac priority, VLOS staffing, noise mitigation and a strict budget under the constraints of NYC FAA Part 107 waivers requires constant adaptation. I therefore maintain a living contingency plan that incorporates technological upgrades, periodic community consultations, and a formal liaison role with neighbourhood associations and regulators. By documenting procedures, clarifying the circumstances under which curfew exceptions are permitted, and by keeping transparent financial records, the rooftop droneport can deliver critical emergency services while minimising disruption to residents and remaining within regulatory and fiscal limits.",The rooftop droneport manager serves as a pilot on the emergency evacuation flights.,True|False|Not Given,NOT GIVEN,B2,inference,B2,"No change -- confirmed B2: The text uses specialized professional vocabulary and requires the reader to distinguish between nuanced roles (coordinating vs. piloting), which is characteristic of upper-intermediate reading comprehension.",FLAG,none,inference,"The question asks for a conclusion about the manager's role as a pilot, which is not explicitly stated in the text, requiring the reader to infer that the information is missing.",100,0,1,-1,none,none,pass,REJECT,REJECT -- content: clarity below target (1 < 4); completeness could not be determined
63736939-ff35-4dfb-bce2-110a5f990f84,90cb22d6-e6fd-45a8-b4bc-de590661addb,reading,mcq,"As the rooftop droneport manager for a twenty-story Brooklyn co-op, I am responsible for coordinating flights, maintaining equipment, and mediating between residents and regulators. My building hosts a compact vertiport that primarily supports emergency medical evacuations, but also accommodates deliveries and occasional commercial testing. Operating in a dense urban environment means that safety, regulatory compliance and neighbour relations are interdependent priorities. Consequently, procedures are governed by NYC-specific FAA Part 107 waivers and by the co-op's own bylaws, which together create a framework of obligations and constraints that must be balanced on a daily basis.

Medevac missions receive operational priority because they may involve life-critical transfers and require rapid response. Typically, medevac requests originate from hospitals, EMS crews or on-site physicians and are routed through a predefined escalation protocol that allows the vertiport to clear a temporal corridor and mobilise resources within minutes. While urgent flights are prioritised, they are still subject to the Part 107 waivers that restrict altitude, line-of-sight and approved corridors; therefore, I routinely seek expedited coordination with the Federal aviation authorities and local EMS to confirm exemptions when a mission might occur during restricted hours. In practice, medevac flights may be authorised to operate outside routine limits, but only when documentation and risk mitigations accompany the request.

Maintaining visual-line-of-sight (VLOS) is a central safety requirement and one of my most time-consuming scheduling tasks. Post-waiver night operations and any flights that penetrate congested airspace typically require multiple trained observers positioned around the roof perimeter and adjacent terraces to guarantee continuous visual contact. Scheduling observers involves shift planning that aligns with residents' patterns, ensures redundancy, and complies with rest-period regulations for contracted staff. Observers must log observations, radio transmissions and any deviations from planned trajectories; these records form part of both compliance audits and incident investigations and thus must be meticulously kept.

Noise abatement is a contentious but addressable aspect of rooftop operations. Residents are often willing to permit emergency flights when the community understands the benefits, yet routine noise from testing or deliveries can provoke complaints. To reduce disturbance, I negotiate noise-abatement agreements that specify preferred approach vectors, minimum altitudes, propeller dampening measures, and temporal restrictions, including an enforced curfew after 11pm. The 11pm curfew aims to protect night-time quiet hours, and enforcement typically involves automatic scheduling blocks in our flight management system; however, agreements commonly allow case-by-case exceptions for medically necessary flights, subject to post-flight reporting and review.

Financial constraints impose another layer of operational decision-making. The co-op allocates a combined maintenance and insurance budget capped at forty thousand dollars per annum, which creates trade-offs between planned preventive maintenance, spare parts inventory and comprehensive insurance coverage. Within this cap, I prioritise items that directly affect safety and compliance-such as battery testing, software updates for collision-avoidance systems, and liability coverage that meets waiver conditions-while deferring lower-risk upgrades when feasible. Transparent budgeting and periodic cost-benefit reviews with the board help to justify expenditures that might otherwise be perceived as discretionary.

Balancing medevac priority, VLOS staffing, noise mitigation and a strict budget under the constraints of NYC FAA Part 107 waivers requires constant adaptation. I therefore maintain a living contingency plan that incorporates technological upgrades, periodic community consultations, and a formal liaison role with neighbourhood associations and regulators. By documenting procedures, clarifying the circumstances under which curfew exceptions are permitted, and by keeping transparent financial records, the rooftop droneport can deliver critical emergency services while minimising disruption to residents and remaining within regulatory and fiscal limits.","In the passage, what is the most appropriate meaning of 'abatement' in the phrase 'noise-abatement agreements'?",reduction or lessening of noise|measurement and recording of sound levels|postponement of noisy activities to another time|formal regulation or legal restriction of flights,reduction or lessening of noise,B2,vocabulary,C1,"Changed from B2 to C1: The question requires understanding a sophisticated and formal vocabulary word ('abatement') within a specific context, which is characteristic of advanced language proficiency.",FLAG,none,vocabulary,The question asks for the meaning of the specific word 'abatement'.,20,1,4,1,none,none,pass,REJECT,REJECT -- content: accuracy below target (20 < 90); 1 grammar error(s) found; completeness below target (1 < 4)
63736939-ff35-4dfb-bce2-110a5f990f84,9e95f6b5-01de-4eb0-81a5-c2f046f3b689,reading,mcq,"As the rooftop droneport manager for a twenty-story Brooklyn co-op, I am responsible for coordinating flights, maintaining equipment, and mediating between residents and regulators. My building hosts a compact vertiport that primarily supports emergency medical evacuations, but also accommodates deliveries and occasional commercial testing. Operating in a dense urban environment means that safety, regulatory compliance and neighbour relations are interdependent priorities. Consequently, procedures are governed by NYC-specific FAA Part 107 waivers and by the co-op's own bylaws, which together create a framework of obligations and constraints that must be balanced on a daily basis.

Medevac missions receive operational priority because they may involve life-critical transfers and require rapid response. Typically, medevac requests originate from hospitals, EMS crews or on-site physicians and are routed through a predefined escalation protocol that allows the vertiport to clear a temporal corridor and mobilise resources within minutes. While urgent flights are prioritised, they are still subject to the Part 107 waivers that restrict altitude, line-of-sight and approved corridors; therefore, I routinely seek expedited coordination with the Federal aviation authorities and local EMS to confirm exemptions when a mission might occur during restricted hours. In practice, medevac flights may be authorised to operate outside routine limits, but only when documentation and risk mitigations accompany the request.

Maintaining visual-line-of-sight (VLOS) is a central safety requirement and one of my most time-consuming scheduling tasks. Post-waiver night operations and any flights that penetrate congested airspace typically require multiple trained observers positioned around the roof perimeter and adjacent terraces to guarantee continuous visual contact. Scheduling observers involves shift planning that aligns with residents' patterns, ensures redundancy, and complies with rest-period regulations for contracted staff. Observers must log observations, radio transmissions and any deviations from planned trajectories; these records form part of both compliance audits and incident investigations and thus must be meticulously kept.

Noise abatement is a contentious but addressable aspect of rooftop operations. Residents are often willing to permit emergency flights when the community understands the benefits, yet routine noise from testing or deliveries can provoke complaints. To reduce disturbance, I negotiate noise-abatement agreements that specify preferred approach vectors, minimum altitudes, propeller dampening measures, and temporal restrictions, including an enforced curfew after 11pm. The 11pm curfew aims to protect night-time quiet hours, and enforcement typically involves automatic scheduling blocks in our flight management system; however, agreements commonly allow case-by-case exceptions for medically necessary flights, subject to post-flight reporting and review.

Financial constraints impose another layer of operational decision-making. The co-op allocates a combined maintenance and insurance budget capped at forty thousand dollars per annum, which creates trade-offs between planned preventive maintenance, spare parts inventory and comprehensive insurance coverage. Within this cap, I prioritise items that directly affect safety and compliance-such as battery testing, software updates for collision-avoidance systems, and liability coverage that meets waiver conditions-while deferring lower-risk upgrades when feasible. Transparent budgeting and periodic cost-benefit reviews with the board help to justify expenditures that might otherwise be perceived as discretionary.

Balancing medevac priority, VLOS staffing, noise mitigation and a strict budget under the constraints of NYC FAA Part 107 waivers requires constant adaptation. I therefore maintain a living contingency plan that incorporates technological upgrades, periodic community consultations, and a formal liaison role with neighbourhood associations and regulators. By documenting procedures, clarifying the circumstances under which curfew exceptions are permitted, and by keeping transparent financial records, the rooftop droneport can deliver critical emergency services while minimising disruption to residents and remaining within regulatory and fiscal limits.",Which option best describes how medevac flights may operate beyond the normal restrictions stated in the passage?,They are always given priority and may ignore waiver limits.|They can be authorised to exceed routine limits only with accompanying documentation and risk mitigations.|They are never permitted to fly during restricted hours under any circumstances.|They do not require coordination with federal or local authorities.,They can be authorised to exceed routine limits only with accompanying documentation and risk mitigations.,B2,comprehension,B2,"No change -- confirmed B2: The question requires understanding nuanced, professional details and specialized vocabulary within a technical context.",PASS,none,comprehension,The question requires connecting the specific purpose of medevac flights with the regulatory context provided in the passage to identify the correct operational procedure.,100,0,4,5,none,none,pass,USE,USE -- passed
0b5024da-bc1e-4663-adbb-03a533859299,b3dc2c4a-3074-42e3-8ebd-28236bcb4ab7,reading,true_false,"I work as the Yukon Territorial ice-road lead mechanic. My job is to map lake ice with sonar and augers, patch frost-heave, and reroute truck convoys during a strict ninety-day winter window. I travel in one diesel service truck and manage a seasonal budget of C$150,000. I also coordinate with local First Nations travel rhythms and with medevac dispatch so that supplies and people move safely.

To check ice I use sonar and an auger. Sonar sends sound waves through water and shows how thick the ice is under a boat or sled. An auger is a hand or power drill used to cut an ice core. I drill several holes across a route to confirm the sonar readings. For heavy trucks we look for about one metre of strong ice, depending on water currents and recent weather. These tools help me find thin spots before a convoy arrives.

Frost-heave is a common problem on Yukon lakes. Frost-heave happens when freezing and thawing move water and ice, creating bumps or cracks. I patch these areas with snowfill, ice plates, and sometimes by cutting out a bulge and letting it refreeze evenly. A shim is a thin plate or small ramp that spreads a truck's weight over a wider area; shimming can protect a weak spot while a longer repair is planned. If a route is unsafe, I reroute convoys to a safer lane or delay travel until repairs and inspections are complete.

Budget and time affect every decision. The ninety-day window is short; the C$150,000 budget must cover fuel, parts, a small stock of shims and plates, and seasonal pay. I have only one diesel service truck, so I must choose where to drive and which calls to answer first. Priority goes to medevac routes and food-supply convoys. I also respect the travel rhythms of local First Nations, who may need the ice roads at certain times for hunting or family visits. Coordination means phone calls, shared maps, and agreed schedules.

Local knowledge and teamwork keep the roads open. Drivers report new cracks and weak spots, community members warn of changing conditions, and medevac dispatch may change priorities at any hour. Sonar and augers give data, and shims and patches buy time, but cooperation makes the difference between a dangerous crossing and a safe one.",The writer's role includes changing the routes of truck convoys within a short winter period.,True|False|Not Given,TRUE,B1,comprehension,B1,"No change -- confirmed B1: The question requires the reader to recognize paraphrased information and synonyms within a clear, factual text.",PASS,none,comprehension,The question requires connecting the stated facts of 'rerouting truck convoys' and the 'ninety-day winter window' through paraphrasing.,100,0,5,5,none,none,pass,USE,USE -- passed
0b5024da-bc1e-4663-adbb-03a533859299,bb8ab3c3-ced0-4eb1-93d5-a386d9a8d5ff,reading,true_false,"I work as the Yukon Territorial ice-road lead mechanic. My job is to map lake ice with sonar and augers, patch frost-heave, and reroute truck convoys during a strict ninety-day winter window. I travel in one diesel service truck and manage a seasonal budget of C$150,000. I also coordinate with local First Nations travel rhythms and with medevac dispatch so that supplies and people move safely.

To check ice I use sonar and an auger. Sonar sends sound waves through water and shows how thick the ice is under a boat or sled. An auger is a hand or power drill used to cut an ice core. I drill several holes across a route to confirm the sonar readings. For heavy trucks we look for about one metre of strong ice, depending on water currents and recent weather. These tools help me find thin spots before a convoy arrives.

Frost-heave is a common problem on Yukon lakes. Frost-heave happens when freezing and thawing move water and ice, creating bumps or cracks. I patch these areas with snowfill, ice plates, and sometimes by cutting out a bulge and letting it refreeze evenly. A shim is a thin plate or small ramp that spreads a truck's weight over a wider area; shimming can protect a weak spot while a longer repair is planned. If a route is unsafe, I reroute convoys to a safer lane or delay travel until repairs and inspections are complete.

Budget and time affect every decision. The ninety-day window is short; the C$150,000 budget must cover fuel, parts, a small stock of shims and plates, and seasonal pay. I have only one diesel service truck, so I must choose where to drive and which calls to answer first. Priority goes to medevac routes and food-supply convoys. I also respect the travel rhythms of local First Nations, who may need the ice roads at certain times for hunting or family visits. Coordination means phone calls, shared maps, and agreed schedules.

Local knowledge and teamwork keep the roads open. Drivers report new cracks and weak spots, community members warn of changing conditions, and medevac dispatch may change priorities at any hour. Sonar and augers give data, and shims and patches buy time, but cooperation makes the difference between a dangerous crossing and a safe one.",He travels in two diesel service trucks to carry out his work.,True|False|Not Given,FALSE,B1,recall,B1,No change -- confirmed B1: The question requires identifying a specific detail (the number of trucks) within a text that uses standard professional vocabulary.,FLAG,none,recall,"The question asks for a specific detail (the number of trucks) that is directly stated in the text, requiring a verbatim lookup.",100,1,5,5,none,none,pass,REJECT,REJECT -- content: 1 grammar error(s) found
0b5024da-bc1e-4663-adbb-03a533859299,bdcf8b5f-e178-4f86-8b32-10dc35b5ed3a,reading,true_false,"I work as the Yukon Territorial ice-road lead mechanic. My job is to map lake ice with sonar and augers, patch frost-heave, and reroute truck convoys during a strict ninety-day winter window. I travel in one diesel service truck and manage a seasonal budget of C$150,000. I also coordinate with local First Nations travel rhythms and with medevac dispatch so that supplies and people move safely.

To check ice I use sonar and an auger. Sonar sends sound waves through water and shows how thick the ice is under a boat or sled. An auger is a hand or power drill used to cut an ice core. I drill several holes across a route to confirm the sonar readings. For heavy trucks we look for about one metre of strong ice, depending on water currents and recent weather. These tools help me find thin spots before a convoy arrives.

Frost-heave is a common problem on Yukon lakes. Frost-heave happens when freezing and thawing move water and ice, creating bumps or cracks. I patch these areas with snowfill, ice plates, and sometimes by cutting out a bulge and letting it refreeze evenly. A shim is a thin plate or small ramp that spreads a truck's weight over a wider area; shimming can protect a weak spot while a longer repair is planned. If a route is unsafe, I reroute convoys to a safer lane or delay travel until repairs and inspections are complete.

Budget and time affect every decision. The ninety-day window is short; the C$150,000 budget must cover fuel, parts, a small stock of shims and plates, and seasonal pay. I have only one diesel service truck, so I must choose where to drive and which calls to answer first. Priority goes to medevac routes and food-supply convoys. I also respect the travel rhythms of local First Nations, who may need the ice roads at certain times for hunting or family visits. Coordination means phone calls, shared maps, and agreed schedules.

Local knowledge and teamwork keep the roads open. Drivers report new cracks and weak spots, community members warn of changing conditions, and medevac dispatch may change priorities at any hour. Sonar and augers give data, and shims and patches buy time, but cooperation makes the difference between a dangerous crossing and a safe one.",The passage shows that the author prefers repairing frost-heave over diverting convoys when problems appear.,True|False|Not Given,NOT GIVEN,B1,inference,B2,"Changed from B1 to B2: The question requires the reader to distinguish between stated facts and unstated preferences, a task involving logical inference typical of the B2 level.",FLAG,none,inference,"The question asks to determine a preference that is not explicitly stated in the text, requiring the reader to conclude whether such an unstated detail can be inferred.",100,0,5,-1,none,none,pass,REJECT,REJECT -- content: completeness could not be determined
0b5024da-bc1e-4663-adbb-03a533859299,d9bbc567-bad6-4340-afad-12de041d7485,reading,fill_up,"I work as the Yukon Territorial ice-road lead mechanic. My job is to map lake ice with sonar and augers, patch frost-heave, and reroute truck convoys during a strict ninety-day winter window. I travel in one diesel service truck and manage a seasonal budget of C$150,000. I also coordinate with local First Nations travel rhythms and with medevac dispatch so that supplies and people move safely.

To check ice I use sonar and an auger. Sonar sends sound waves through water and shows how thick the ice is under a boat or sled. An auger is a hand or power drill used to cut an ice core. I drill several holes across a route to confirm the sonar readings. For heavy trucks we look for about one metre of strong ice, depending on water currents and recent weather. These tools help me find thin spots before a convoy arrives.

Frost-heave is a common problem on Yukon lakes. Frost-heave happens when freezing and thawing move water and ice, creating bumps or cracks. I patch these areas with snowfill, ice plates, and sometimes by cutting out a bulge and letting it refreeze evenly. A shim is a thin plate or small ramp that spreads a truck's weight over a wider area; shimming can protect a weak spot while a longer repair is planned. If a route is unsafe, I reroute convoys to a safer lane or delay travel until repairs and inspections are complete.

Budget and time affect every decision. The ninety-day window is short; the C$150,000 budget must cover fuel, parts, a small stock of shims and plates, and seasonal pay. I have only one diesel service truck, so I must choose where to drive and which calls to answer first. Priority goes to medevac routes and food-supply convoys. I also respect the travel rhythms of local First Nations, who may need the ice roads at certain times for hunting or family visits. Coordination means phone calls, shared maps, and agreed schedules.

Local knowledge and teamwork keep the roads open. Drivers report new cracks and weak spots, community members warn of changing conditions, and medevac dispatch may change priorities at any hour. Sonar and augers give data, and shims and patches buy time, but cooperation makes the difference between a dangerous crossing and a safe one.",A shim is a thin ___ or small ramp that spreads a truck's weight over a wider area.,,plate,B1,vocabulary,B2,Changed from B1 to B2: The question requires understanding specialized technical vocabulary and a specific mechanical definition within a professional context.,FLAG,none,vocabulary,"The question asks to complete a definition for the word 'shim', which directly relates to the meaning of a word.",0,0,1,1,none,none,pass,REJECT,REJECT -- content: accuracy below target (0 < 90); clarity below target (1 < 4); completeness below target (1 < 4)
0b5024da-bc1e-4663-adbb-03a533859299,ba0ffe3b-884d-4f68-90f9-87c8a6085f6b,reading,fill_up,"I work as the Yukon Territorial ice-road lead mechanic. My job is to map lake ice with sonar and augers, patch frost-heave, and reroute truck convoys during a strict ninety-day winter window. I travel in one diesel service truck and manage a seasonal budget of C$150,000. I also coordinate with local First Nations travel rhythms and with medevac dispatch so that supplies and people move safely.

To check ice I use sonar and an auger. Sonar sends sound waves through water and shows how thick the ice is under a boat or sled. An auger is a hand or power drill used to cut an ice core. I drill several holes across a route to confirm the sonar readings. For heavy trucks we look for about one metre of strong ice, depending on water currents and recent weather. These tools help me find thin spots before a convoy arrives.

Frost-heave is a common problem on Yukon lakes. Frost-heave happens when freezing and thawing move water and ice, creating bumps or cracks. I patch these areas with snowfill, ice plates, and sometimes by cutting out a bulge and letting it refreeze evenly. A shim is a thin plate or small ramp that spreads a truck's weight over a wider area; shimming can protect a weak spot while a longer repair is planned. If a route is unsafe, I reroute convoys to a safer lane or delay travel until repairs and inspections are complete.

Budget and time affect every decision. The ninety-day window is short; the C$150,000 budget must cover fuel, parts, a small stock of shims and plates, and seasonal pay. I have only one diesel service truck, so I must choose where to drive and which calls to answer first. Priority goes to medevac routes and food-supply convoys. I also respect the travel rhythms of local First Nations, who may need the ice roads at certain times for hunting or family visits. Coordination means phone calls, shared maps, and agreed schedules.

Local knowledge and teamwork keep the roads open. Drivers report new cracks and weak spots, community members warn of changing conditions, and medevac dispatch may change priorities at any hour. Sonar and augers give data, and shims and patches buy time, but cooperation makes the difference between a dangerous crossing and a safe one.",Priority goes to ___.,,medevac routes,B1,comprehension,B2,"Changed from B1 to B2: The passage contains specialized professional vocabulary such as 'frost-heave', 'augers', and 'medevac', which requires an upper-intermediate level of comprehension.",FLAG,none,inference,"The answer 'medevac routes' is an unstated conclusion not explicitly mentioned in the provided text, which fits the definition of inference rather than comprehension.",100,0,2,1,none,none,pass,REJECT,REJECT -- content: clarity below target (2 < 4); completeness below target (1 < 4)
bd84857d-9cf1-4c1a-81d3-44baf3987403,d4ce020e-1e0b-48eb-8314-7eb0a32f0f98,reading,match,"I am the lead cutter-head dredge captain for a mid-Atlantic port on the Delaware River. My job is to remove PCB hotspots in shallow parts of the river. PCB is a toxic chemical that stays in mud for a long time. I must work while the port moves ships. I also must follow EPA rules that limit cloudy water (turbidity) and how much PCB can go into the river. Spring and summer fishery closures mean we cannot work in some areas to protect fish and people. Tug and pilot windows for moving barges are short and must be used at the right time.

The cutter-head dredge cuts and moves mud to a barge. I control turbidity by cutting slowly and using silt curtains. We take water samples and send them to a lab for PCB tests. Disposal barges cost about $2M per season. The budget limits how many trips we make and where we send the mud. I plan work to use barges well and to meet EPA limits. Sometimes I stop work if tests show high PCB or cloudy water.

I talk with fishers, the EPA, the port, and the tug crews every day. We set a plan that keeps ships moving and keeps water safe. When windows are tight I must choose which spot to dredge first. I may move to a low-risk area or work at night if rules allow. Clear records and cameras help show we follow the rules. The goal is to clean PCB hotspots without harming people, fish, or the port schedule.","{""title"": ""Match the following headings to the correct paragraph"", ""questions"": [""Paragraph 1: I am the lead cutter-head dredge captain for a mid-Atlantic port on the Delaware River. My job is to remove PCB hotspots..."", ""Paragraph 2: The cutter-head dredge cuts and moves mud to a barge. I control turbidity by cutting slowly and using silt curtains. We ..."", ""Paragraph 3: I talk with fishers, the EPA, the port, and the tug crews every day. We set a plan that keeps ships moving and keeps wat...""]}",How the dredge works and testing|New rules for fishing seasons|The captain's job and work limits|Working with others to plan safe dredging,1->The captain's job and work limits; 2->How the dredge works and testing; 3->Working with others to plan safe dredging,A2,comprehension,B2,"Changed from A2 to B2: The text contains specialized technical vocabulary (e.g., turbidity, cutter-head dredge, PCB) and requires the reader to identify the main idea of professional/technical paragraphs.",FLAG,"missing_end_punctuation, answer_too_long_for_level, fully_redundant_with:e5f8cb2d-5e29-402b-a5cb-b73de282d172",comprehension,The task requires understanding the main idea of each paragraph by connecting the stated facts to select the most appropriate heading.,100,0,2,2,none,none,pass,REJECT,"REJECT -- content: clarity below target (2 < 4); completeness below target (2 < 4); rule flags: missing_end_punctuation, answer_too_long_for_level, fully_redundant_with:e5f8cb2d-5e29-402b-a5cb-b73de282d172; rules: answer_too_long_for_level, fully_redundant_with:e5f8cb2d-5e29-402b-a5cb-b73de282d172"
bd84857d-9cf1-4c1a-81d3-44baf3987403,bba1a815-aa6a-431b-b6b6-6007cff4fdd0,reading,mcq,"I am the lead cutter-head dredge captain for a mid-Atlantic port on the Delaware River. My job is to remove PCB hotspots in shallow parts of the river. PCB is a toxic chemical that stays in mud for a long time. I must work while the port moves ships. I also must follow EPA rules that limit cloudy water (turbidity) and how much PCB can go into the river. Spring and summer fishery closures mean we cannot work in some areas to protect fish and people. Tug and pilot windows for moving barges are short and must be used at the right time.

The cutter-head dredge cuts and moves mud to a barge. I control turbidity by cutting slowly and using silt curtains. We take water samples and send them to a lab for PCB tests. Disposal barges cost about $2M per season. The budget limits how many trips we make and where we send the mud. I plan work to use barges well and to meet EPA limits. Sometimes I stop work if tests show high PCB or cloudy water.

I talk with fishers, the EPA, the port, and the tug crews every day. We set a plan that keeps ships moving and keeps water safe. When windows are tight I must choose which spot to dredge first. I may move to a low-risk area or work at night if rules allow. Clear records and cameras help show we follow the rules. The goal is to clean PCB hotspots without harming people, fish, or the port schedule.","In the passage, what is the meaning of the word 'turbidity'?",How cloudy the water is|How warm the water is|How deep the water is,How cloudy the water is,A2,vocabulary,B1,Changed from A2 to B1: The question requires the reader to use context clues to identify the meaning of a technical term that is explicitly defined within the text.,FLAG,"answer_too_long_for_level, partially_redundant_with:e5f8cb2d-5e29-402b-a5cb-b73de282d172",vocabulary,"The question asks for the meaning of the specific word 'turbidity', which directly aligns with the definition of vocabulary.",100,0,5,5,weak_distractors,none,pass,REJECT,"REJECT -- content: rule flags: answer_too_long_for_level, partially_redundant_with:e5f8cb2d-5e29-402b-a5cb-b73de282d172; construction: weak_distractors; rules: answer_too_long_for_level, partially_redundant_with:e5f8cb2d-5e29-402b-a5cb-b73de282d172"
bd84857d-9cf1-4c1a-81d3-44baf3987403,e5f8cb2d-5e29-402b-a5cb-b73de282d172,reading,mcq,"I am the lead cutter-head dredge captain for a mid-Atlantic port on the Delaware River. My job is to remove PCB hotspots in shallow parts of the river. PCB is a toxic chemical that stays in mud for a long time. I must work while the port moves ships. I also must follow EPA rules that limit cloudy water (turbidity) and how much PCB can go into the river. Spring and summer fishery closures mean we cannot work in some areas to protect fish and people. Tug and pilot windows for moving barges are short and must be used at the right time.

The cutter-head dredge cuts and moves mud to a barge. I control turbidity by cutting slowly and using silt curtains. We take water samples and send them to a lab for PCB tests. Disposal barges cost about $2M per season. The budget limits how many trips we make and where we send the mud. I plan work to use barges well and to meet EPA limits. Sometimes I stop work if tests show high PCB or cloudy water.

I talk with fishers, the EPA, the port, and the tug crews every day. We set a plan that keeps ships moving and keeps water safe. When windows are tight I must choose which spot to dredge first. I may move to a low-risk area or work at night if rules allow. Clear records and cameras help show we follow the rules. The goal is to clean PCB hotspots without harming people, fish, or the port schedule.",Why does the dredge captain sometimes stop work?,Because tests show high PCB or cloudy water|Because the barges have too much mud|Because the captain wants to work later,Because tests show high PCB or cloudy water,A2,comprehension,B1,"Changed from A2 to B1: The text uses clear, standard language to describe a specific professional context, and the question requires understanding the logical connection between environmental regulations and work operations.",FLAG,"answer_too_long_for_level, fully_redundant_with:d4ce020e-1e0b-48eb-8314-7eb0a32f0f98, partially_redundant_with:bba1a815-aa6a-431b-b6b6-6007cff4fdd0",comprehension,The answer requires connecting the stated fact that the captain must follow EPA rules regarding PCB and turbidity to the reason why work would be interrupted.,100,0,2,5,none,none,pass,REJECT,"REJECT -- content: clarity below target (2 < 4); rule flags: answer_too_long_for_level, fully_redundant_with:d4ce020e-1e0b-48eb-8314-7eb0a32f0f98, partially_redundant_with:bba1a815-aa6a-431b-b6b6-6007cff4fdd0; rules: answer_too_long_for_level, fully_redundant_with:d4ce020e-1e0b-48eb-8314-7eb0a32f0f98, partially_redundant_with:bba1a815-aa6a-431b-b6b6-6007cff4fdd0"
7a925335-7723-4dbc-9e41-21aee099b45c,7d8e2f79-e9ca-4016-8f09-e281dbc7423b,reading,match,"I am the New York City transit cultural liaison. I work at night on subway platforms. I meet graffiti crews, police, and cleaning teams. My job is to protect art and keep stations clean. I have a $30,000 per year fund for preservation. The MTA asks that illegal paint be removed in 48 hours. Security camera video (CCTV) is saved for 30 days. These rules shape my work.

At midnight crews sometimes paint big murals. The police can arrest people for illegal paint. Cleaning teams must act fast because of the 48-hour rule. I talk to the crews and police to decide if a mural can stay. If we want to keep a mural, we can use money to save it. We can add an anti-graffiti coating. A coating can cost about $1,000. Full conservation work can cost about $2,500 per mural. Fines are another option. Fines can punish the crews but do not fix the art.

I use CCTV to know who painted and when. The cameras keep video for 30 days, so I must act quickly. If the team agrees, cleaning teams can wait while we protect a mural. If not, the team will remove the work in 48 hours. My choices depend on the budget, the time rules, and safety at night.

Many nights I talk, make deals, and help the cleaning teams. When we save good art, riders see it and feel happy. When we remove tags fast, stations look safe. With $30,000 a year, we try to balance art and order. My work is to find a fair answer for the city, the crews, and the riders.","{""title"": ""Match the following statements to the correct paragraph"", ""questions"": [""A. This paragraph says the police can arrest people for illegal painting."", ""B. This paragraph says when good art is kept, riders feel happy."", ""C. This paragraph says the writer is the New York City transit cultural liaison.""]}","Paragraph 3: I use CCTV to know who painted and when. The cameras keep video for 30 days, so I must act quickly. If the team agrees, ...|Paragraph 1: I am the New York City transit cultural liaison. I work at night on subway platforms. I meet graffiti crews, police, and...|Paragraph 4: Many nights I talk, make deals, and help the cleaning teams. When we save good art, riders see it and feel happy. When w...|Paragraph 2: At midnight crews sometimes paint big murals. The police can arrest people for illegal paint. Cleaning teams must act fa...",Statement 1->2; Statement 2->3; Statement 3->1,A2,comprehension,A2,"No change -- confirmed A2: The text uses simple sentence structures and concrete vocabulary to convey straightforward information, making the matching task accessible to elementary learners.",FLAG,"missing_end_punctuation, answer_too_long_for_level",comprehension,"The task requires matching specific statements to the paragraphs that contain those facts, which involves connecting stated information to its corresponding section.",100,0,-1,4,none,none,pass,REJECT,"REJECT -- content: clarity could not be determined; rule flags: missing_end_punctuation, answer_too_long_for_level; rules: answer_too_long_for_level"
7a925335-7723-4dbc-9e41-21aee099b45c,a7385a95-dceb-45b2-acd4-cdb9fde977a8,reading,mcq,"I am the New York City transit cultural liaison. I work at night on subway platforms. I meet graffiti crews, police, and cleaning teams. My job is to protect art and keep stations clean. I have a $30,000 per year fund for preservation. The MTA asks that illegal paint be removed in 48 hours. Security camera video (CCTV) is saved for 30 days. These rules shape my work.

At midnight crews sometimes paint big murals. The police can arrest people for illegal paint. Cleaning teams must act fast because of the 48-hour rule. I talk to the crews and police to decide if a mural can stay. If we want to keep a mural, we can use money to save it. We can add an anti-graffiti coating. A coating can cost about $1,000. Full conservation work can cost about $2,500 per mural. Fines are another option. Fines can punish the crews but do not fix the art.

I use CCTV to know who painted and when. The cameras keep video for 30 days, so I must act quickly. If the team agrees, cleaning teams can wait while we protect a mural. If not, the team will remove the work in 48 hours. My choices depend on the budget, the time rules, and safety at night.

Many nights I talk, make deals, and help the cleaning teams. When we save good art, riders see it and feel happy. When we remove tags fast, stations look safe. With $30,000 a year, we try to balance art and order. My work is to find a fair answer for the city, the crews, and the riders.","What does the word ""coating"" most nearly mean in the passage?",a thin layer added to protect the mural|a tool used to clean the station|a payment to the police,a thin layer added to protect the mural,A2,vocabulary,B1,"Changed from A2 to B1: The question requires inferring the meaning of a specific vocabulary word based on its context, which is a standard B1-level reading comprehension task.",FLAG,answer_too_long_for_level,vocabulary,The question asks for the meaning of a specific word ('coating') used in the passage.,0,1,-1,-1,"weak_distractors, multiple_defensible_answers",none,pass,REJECT,"REJECT -- content: accuracy below target (0 < 90); 1 grammar error(s) found; clarity could not be determined; completeness could not be determined; rule flags: answer_too_long_for_level; construction: weak_distractors, multiple_defensible_answers; rules: answer_too_long_for_level"
7a925335-7723-4dbc-9e41-21aee099b45c,825605e9-c6af-44c6-a13b-916ab5b2fb50,reading,mcq,"I am the New York City transit cultural liaison. I work at night on subway platforms. I meet graffiti crews, police, and cleaning teams. My job is to protect art and keep stations clean. I have a $30,000 per year fund for preservation. The MTA asks that illegal paint be removed in 48 hours. Security camera video (CCTV) is saved for 30 days. These rules shape my work.

At midnight crews sometimes paint big murals. The police can arrest people for illegal paint. Cleaning teams must act fast because of the 48-hour rule. I talk to the crews and police to decide if a mural can stay. If we want to keep a mural, we can use money to save it. We can add an anti-graffiti coating. A coating can cost about $1,000. Full conservation work can cost about $2,500 per mural. Fines are another option. Fines can punish the crews but do not fix the art.

I use CCTV to know who painted and when. The cameras keep video for 30 days, so I must act quickly. If the team agrees, cleaning teams can wait while we protect a mural. If not, the team will remove the work in 48 hours. My choices depend on the budget, the time rules, and safety at night.

Many nights I talk, make deals, and help the cleaning teams. When we save good art, riders see it and feel happy. When we remove tags fast, stations look safe. With $30,000 a year, we try to balance art and order. My work is to find a fair answer for the city, the crews, and the riders.",Why do cleaning teams need to remove illegal paint quickly?,Because a rule says to remove illegal paint within two days|Because the cameras keep video for only one day|Because the police ask for a fine first,Because a rule says to remove illegal paint within two days,A2,comprehension,A2,"No change -- confirmed A2: The text uses simple, direct sentence structures and the question requires retrieving a specific, straightforward fact from the passage.",FLAG,answer_too_long_for_level,comprehension,The question requires connecting the stated fact about the MTA's requirement with the time frame mentioned in the text (48 hours being two days).,-1,0,-1,5,none,none,pass,REJECT,REJECT -- content: accuracy could not be determined; clarity could not be determined; rule flags: answer_too_long_for_level; rules: answer_too_long_for_level
14ddd478-ccc5-4fce-bafa-5d7b25e13c82,3baef353-45c5-45a3-9006-c4686db5672c,reading,mcq,"I work as a field prosthetics technician for an international NGO based in Amman. Each week I travel to small clinics on the Syrian border to help people who lost a leg. My team makes transtibial sockets and silicone liners using 3D printers that run on solar power. A transtibial socket is the part of a prosthetic that fits under the knee and holds the artificial limb. A silicone liner is a soft sleeve that protects the skin and makes the socket more comfortable.

Our solar-powered printers allow us to make parts when the electric grid fails. Daily power cuts at the clinics can last six to twelve hours. Solar panels charge batteries during the day and these batteries can power printers for five to eight hours. A typical plastic socket takes about three to five hours to print. We use PLA filament or other strong plastics that we can print quickly. The silicone liners are made using molds and a room-temperature curing silicone. The liner needs about 24 hours to cure before a patient can use it safely.

Logistics are a major challenge for our work. Import embargoes and border controls often delay parts and materials for weeks or months. Nozzles, replacement parts, or special filament sometimes arrive only after careful coordination from Amman. When supplies are low, we recycle failed prints and improvise small repairs with local tools. Fuel for backup generators is expensive and scarce, so solar power is not just convenient; it is essential. We also follow strict cleaning and health procedures to avoid infections, because a poorly fitted socket can cause skin sores and pain.

Cultural considerations shape our clinic work every day. Many patients prefer a same-sex technician for fittings, so we train both male and female staff. Privacy during measurements is important because some patients wear modest clothing. We explain each step slowly and use simple words or a local interpreter when needed. Trust is vital for people who have suffered trauma; our team spends time listening and teaching how to use and care for the prosthesis. Children need smaller sockets and more frequent checks because they grow quickly.

The project has clear benefits but also more to do. When sockets and liners fit well, patients walk better, avoid skin problems, and can return to work or school. Our NGO plans to train more local technicians and to improve battery storage so printers run longer. We also ask donors and authorities to allow faster delivery of medical supplies. With better equipment and local skills, solar-powered 3D printing can make a real difference for clinics facing power cuts and import limits.",Why are solar-powered 3D printers especially important for the clinics on the Syrian border?,They let the team make prosthetic parts even when the electricity grid goes down.|They remove the need to train local technicians.|They make the raw materials for sockets and liners much cheaper.|They shorten the time needed for silicone to cure.,They let the team make prosthetic parts even when the electricity grid goes down.,B1,comprehension,B1,No change -- confirmed B1: The question requires understanding specific technical vocabulary and making a logical inference about the utility of solar power in a field setting.,PASS,none,comprehension,The question requires connecting the stated fact of using solar power with the stated fact of working in remote border clinics to understand the necessity of power independence.,100,0,5,4,none,none,pass,USE,USE -- passed
14ddd478-ccc5-4fce-bafa-5d7b25e13c82,5beee295-88f7-4d0a-88af-7420657fd489,reading,mcq,"I work as a field prosthetics technician for an international NGO based in Amman. Each week I travel to small clinics on the Syrian border to help people who lost a leg. My team makes transtibial sockets and silicone liners using 3D printers that run on solar power. A transtibial socket is the part of a prosthetic that fits under the knee and holds the artificial limb. A silicone liner is a soft sleeve that protects the skin and makes the socket more comfortable.

Our solar-powered printers allow us to make parts when the electric grid fails. Daily power cuts at the clinics can last six to twelve hours. Solar panels charge batteries during the day and these batteries can power printers for five to eight hours. A typical plastic socket takes about three to five hours to print. We use PLA filament or other strong plastics that we can print quickly. The silicone liners are made using molds and a room-temperature curing silicone. The liner needs about 24 hours to cure before a patient can use it safely.

Logistics are a major challenge for our work. Import embargoes and border controls often delay parts and materials for weeks or months. Nozzles, replacement parts, or special filament sometimes arrive only after careful coordination from Amman. When supplies are low, we recycle failed prints and improvise small repairs with local tools. Fuel for backup generators is expensive and scarce, so solar power is not just convenient; it is essential. We also follow strict cleaning and health procedures to avoid infections, because a poorly fitted socket can cause skin sores and pain.

Cultural considerations shape our clinic work every day. Many patients prefer a same-sex technician for fittings, so we train both male and female staff. Privacy during measurements is important because some patients wear modest clothing. We explain each step slowly and use simple words or a local interpreter when needed. Trust is vital for people who have suffered trauma; our team spends time listening and teaching how to use and care for the prosthesis. Children need smaller sockets and more frequent checks because they grow quickly.

The project has clear benefits but also more to do. When sockets and liners fit well, patients walk better, avoid skin problems, and can return to work or school. Our NGO plans to train more local technicians and to improve battery storage so printers run longer. We also ask donors and authorities to allow faster delivery of medical supplies. With better equipment and local skills, solar-powered 3D printing can make a real difference for clinics facing power cuts and import limits.",How long does a silicone liner need to cure before a patient can use it safely?,12 hours|24 hours|3	6 hours|5	8 hours,24 hours,B1,recall,B2,"Changed from B1 to B2: The question requires understanding specific technical vocabulary ('silicone liner', 'cure') and extracting a precise detail from a specialized, complex text.",FLAG,fully_redundant_with:411f7159-adcf-415f-a585-251ca7231c88,recall,"The question asks for a specific factual detail (the curing time), which requires a direct lookup of information.",0,1,1,1,weak_distractors,requires_specialist_knowledge,requires_specialist_knowledge,REJECT,REJECT -- content: accuracy below target (0 < 90); 1 grammar error(s) found; clarity below target (1 < 4); completeness below target (1 < 4); rule flags: fully_redundant_with:411f7159-adcf-415f-a585-251ca7231c88; construction: weak_distractors; fairness: requires_specialist_knowledge; rules: fully_redundant_with:411f7159-adcf-415f-a585-251ca7231c88
14ddd478-ccc5-4fce-bafa-5d7b25e13c82,0bc7ed80-afff-422d-8b1c-ade30a27edbe,reading,fill_up,"I work as a field prosthetics technician for an international NGO based in Amman. Each week I travel to small clinics on the Syrian border to help people who lost a leg. My team makes transtibial sockets and silicone liners using 3D printers that run on solar power. A transtibial socket is the part of a prosthetic that fits under the knee and holds the artificial limb. A silicone liner is a soft sleeve that protects the skin and makes the socket more comfortable.

Our solar-powered printers allow us to make parts when the electric grid fails. Daily power cuts at the clinics can last six to twelve hours. Solar panels charge batteries during the day and these batteries can power printers for five to eight hours. A typical plastic socket takes about three to five hours to print. We use PLA filament or other strong plastics that we can print quickly. The silicone liners are made using molds and a room-temperature curing silicone. The liner needs about 24 hours to cure before a patient can use it safely.

Logistics are a major challenge for our work. Import embargoes and border controls often delay parts and materials for weeks or months. Nozzles, replacement parts, or special filament sometimes arrive only after careful coordination from Amman. When supplies are low, we recycle failed prints and improvise small repairs with local tools. Fuel for backup generators is expensive and scarce, so solar power is not just convenient; it is essential. We also follow strict cleaning and health procedures to avoid infections, because a poorly fitted socket can cause skin sores and pain.

Cultural considerations shape our clinic work every day. Many patients prefer a same-sex technician for fittings, so we train both male and female staff. Privacy during measurements is important because some patients wear modest clothing. We explain each step slowly and use simple words or a local interpreter when needed. Trust is vital for people who have suffered trauma; our team spends time listening and teaching how to use and care for the prosthesis. Children need smaller sockets and more frequent checks because they grow quickly.

The project has clear benefits but also more to do. When sockets and liners fit well, patients walk better, avoid skin problems, and can return to work or school. Our NGO plans to train more local technicians and to improve battery storage so printers run longer. We also ask donors and authorities to allow faster delivery of medical supplies. With better equipment and local skills, solar-powered 3D printing can make a real difference for clinics facing power cuts and import limits.",Training both male and female staff helps the team respect local ___ .,,cultural considerations,B1,inference,B2,"Changed from B1 to B2: The question requires understanding social nuances and professional context, involving more advanced vocabulary such as 'cultural considerations'.",PASS,none,inference,The answer 'cultural considerations' is an unstated conclusion drawn from the context of gender diversity in a specific regional setting.,100,0,4,5,none,none,pass,REVIEW,REVIEW -- predicted CEFR level did not match labeled level
14ddd478-ccc5-4fce-bafa-5d7b25e13c82,411f7159-adcf-415f-a585-251ca7231c88,reading,fill_up,"I work as a field prosthetics technician for an international NGO based in Amman. Each week I travel to small clinics on the Syrian border to help people who lost a leg. My team makes transtibial sockets and silicone liners using 3D printers that run on solar power. A transtibial socket is the part of a prosthetic that fits under the knee and holds the artificial limb. A silicone liner is a soft sleeve that protects the skin and makes the socket more comfortable.

Our solar-powered printers allow us to make parts when the electric grid fails. Daily power cuts at the clinics can last six to twelve hours. Solar panels charge batteries during the day and these batteries can power printers for five to eight hours. A typical plastic socket takes about three to five hours to print. We use PLA filament or other strong plastics that we can print quickly. The silicone liners are made using molds and a room-temperature curing silicone. The liner needs about 24 hours to cure before a patient can use it safely.

Logistics are a major challenge for our work. Import embargoes and border controls often delay parts and materials for weeks or months. Nozzles, replacement parts, or special filament sometimes arrive only after careful coordination from Amman. When supplies are low, we recycle failed prints and improvise small repairs with local tools. Fuel for backup generators is expensive and scarce, so solar power is not just convenient; it is essential. We also follow strict cleaning and health procedures to avoid infections, because a poorly fitted socket can cause skin sores and pain.

Cultural considerations shape our clinic work every day. Many patients prefer a same-sex technician for fittings, so we train both male and female staff. Privacy during measurements is important because some patients wear modest clothing. We explain each step slowly and use simple words or a local interpreter when needed. Trust is vital for people who have suffered trauma; our team spends time listening and teaching how to use and care for the prosthesis. Children need smaller sockets and more frequent checks because they grow quickly.

The project has clear benefits but also more to do. When sockets and liners fit well, patients walk better, avoid skin problems, and can return to work or school. Our NGO plans to train more local technicians and to improve battery storage so printers run longer. We also ask donors and authorities to allow faster delivery of medical supplies. With better equipment and local skills, solar-powered 3D printing can make a real difference for clinics facing power cuts and import limits.",The silicone liner needs about 24 hours to ___ before a patient can use it safely.,,cure,B1,vocabulary,B2,Changed from B1 to B2: The question requires understanding technical vocabulary and inferring a specific process related to material science within a specialized professional context.,FLAG,fully_redundant_with:5beee295-88f7-4d0a-88af-7420657fd489,recall,"The question is a fill-in-the-blank task that requires a verbatim lookup of the word 'cure' from the text (assuming it was present in the omitted portion), whereas the 'vocabulary' skill is specifically defined as identifying the meaning of a word.",100,0,2,4,none,none,pass,REJECT,REJECT -- content: clarity below target (2 < 4); rule flags: fully_redundant_with:5beee295-88f7-4d0a-88af-7420657fd489; rules: fully_redundant_with:5beee295-88f7-4d0a-88af-7420657fd489
14ddd478-ccc5-4fce-bafa-5d7b25e13c82,7484c429-ba25-41e3-b6aa-df35dad24db0,reading,fill_up,"I work as a field prosthetics technician for an international NGO based in Amman. Each week I travel to small clinics on the Syrian border to help people who lost a leg. My team makes transtibial sockets and silicone liners using 3D printers that run on solar power. A transtibial socket is the part of a prosthetic that fits under the knee and holds the artificial limb. A silicone liner is a soft sleeve that protects the skin and makes the socket more comfortable.

Our solar-powered printers allow us to make parts when the electric grid fails. Daily power cuts at the clinics can last six to twelve hours. Solar panels charge batteries during the day and these batteries can power printers for five to eight hours. A typical plastic socket takes about three to five hours to print. We use PLA filament or other strong plastics that we can print quickly. The silicone liners are made using molds and a room-temperature curing silicone. The liner needs about 24 hours to cure before a patient can use it safely.

Logistics are a major challenge for our work. Import embargoes and border controls often delay parts and materials for weeks or months. Nozzles, replacement parts, or special filament sometimes arrive only after careful coordination from Amman. When supplies are low, we recycle failed prints and improvise small repairs with local tools. Fuel for backup generators is expensive and scarce, so solar power is not just convenient; it is essential. We also follow strict cleaning and health procedures to avoid infections, because a poorly fitted socket can cause skin sores and pain.

Cultural considerations shape our clinic work every day. Many patients prefer a same-sex technician for fittings, so we train both male and female staff. Privacy during measurements is important because some patients wear modest clothing. We explain each step slowly and use simple words or a local interpreter when needed. Trust is vital for people who have suffered trauma; our team spends time listening and teaching how to use and care for the prosthesis. Children need smaller sockets and more frequent checks because they grow quickly.

The project has clear benefits but also more to do. When sockets and liners fit well, patients walk better, avoid skin problems, and can return to work or school. Our NGO plans to train more local technicians and to improve battery storage so printers run longer. We also ask donors and authorities to allow faster delivery of medical supplies. With better equipment and local skills, solar-powered 3D printing can make a real difference for clinics facing power cuts and import limits.",I work as a field prosthetics ___ for an international NGO based in Amman.,,technician,B1,comprehension,B1,"No change -- confirmed B1: The question requires scanning the text to identify a specific technical term, which is a standard reading comprehension task for intermediate learners.",FLAG,none,recall,"The question requires a verbatim lookup of the word 'technician' directly from the text, which fits the definition of recall.",100,0,2,5,none,none,pass,REJECT,REJECT -- content: clarity below target (2 < 4)
dfa5a87b-533d-477a-9686-0f4dce2e334a,e5f7b0ca-ab8f-4247-870b-70e5ac4a455b,reading,true_false,"As the San Francisco Fire Department Urban Search-and-Rescue (USAR) Drone Swarm Lead, my primary responsibility is to deploy a mixed team of tethered micro-UAVs and autonomous quadcopters to perform forensic LiDAR and thermal mapping of earthquake collapse sites within a 72-hour life-saving window. Time pressure defines every decision: the earliest hours after a rupture are the most likely to produce survivors, so we design mission plans that prioritize continuous situational awareness, redundancy, and rapid data delivery to on-site rescue teams. Municipal policy constrains our methods; for example, facial recognition is explicitly forbidden, and FAA waivers impose strict airspace and altitude limits that shape swarm behaviour and flight corridors. Additionally, GPS signals are often unreliable in urban canyons and under rubble, so we operate under a GPS-denied mesh-communication framework that requires different approaches to localisation and command and control.

Tethered micro-UAVs and autonomous quadcopters perform complementary roles in urban collapse scenarios. Micro-UAVs equipped with tethered power can hover for extended periods without the frequent battery swaps required of free-flying quads, making them ideal for persistent thermal watches over likely survivor voids. By contrast, autonomous quads are faster and more manoeuvrable, enabling rapid LiDAR sweeps to construct three-dimensional models of unstable structures. LiDAR provides precise geometric data to reveal void spaces and overhangs, while thermal sensors detect heat anomalies that may indicate human presence. Integrating both sensor types improves the probability of detection, but also increases data volumes and processing needs during an already compressed timeline.

Communications and localisation in GPS-denied environments form a technical bottleneck that affects both safety and effectiveness. We deploy a resilient mesh network that uses line-of-sight radio relays and low-frequency links to maintain command over multiple platforms; where possible we augment this with ultra-wideband (UWB) beacons to provide relative ranging. Onboard algorithms rely on LiDAR scan-matching and visual-inertial odometry to estimate position when absolute GPS fixes are unavailable. These methods require careful calibration and frequent cross-checks to prevent drift; if localisation errors are not managed, mapping artefacts can mislead rescuers. Given a typical per-deployment equipment budget of around $60,000, we must balance investment between sensors, compute hardware, spare batteries, and tether systems, making procurement choices that favour robustness and interoperability.

Regulatory and ethical constraints further influence operational tactics. FAA waivers usually limit altitude, flight duration, and proximity to certain structures, so we plan segmented flights, staggered altitudes, and clearly marked exclusion zones to remain compliant while maximising coverage. Municipal privacy rules prohibit facial recognition and mandate minimal collection of personally identifiable imagery, which affects how thermal and optical feeds are recorded, transmitted, and stored; data governance protocols require encrypted channels and rapid purging of non-essential footage. Safety protocols demand buffer zones around unstable surfaces and real-time abort capabilities if a drone induces additional collapse risk.

Once raw data are collected, rapid processing and fusion determine whether a site yields actionable intelligence. Edge computing units carried on larger quadcopters and on-scene servers perform initial LiDAR-to-mesh conversion and thermal overlay so that rescue teams receive annotated, navigable maps within minutes rather than hours. However, environmental challenges-dust, smoke, reflected heat from fires, and metallic debris-can create false positives or hide thermal signatures, so human analysts review automated detections before committing teams to hazardous entry. Redundancy in sensor modalities and conservative decision thresholds help reduce both missed detections and unnecessary risk.

Balancing technology, time, and budget is an operational art refined by training and interagency coordination. In practice we deploy tethered micro-UAVs early to provide persistent monitoring while sending autonomous quads to perform rapid LiDAR sweeps once access corridors are safe. Robust mesh communications, clear adherence to FAA waivers and municipal privacy mandates, and a transparent data governance policy preserve public trust and operational legality. Ultimately, the goal is to convert complex sensor outputs into simple, reliable cues that rescuers can use to save lives during the critical 72-hour window.",The author's unit employs both tethered micro-UAVs and autonomous quadcopters to produce combined LiDAR and thermal maps during the critical 72-hour period after an earthquake to aid in locating survivors.,True|False|Not Given,TRUE,B2,comprehension,B2,No change -- confirmed B2: The text uses specialized technical vocabulary and complex sentence structures that require an upper-intermediate level of comprehension to accurately extract and synthesize specific details.,PASS,none,comprehension,"The question requires connecting multiple stated facts from the passage—specifically the types of drones, the mapping methods, and the timeframe—to form a complete understanding of the author's responsibility.",100,0,5,5,none,none,pass,USE,USE -- passed
dfa5a87b-533d-477a-9686-0f4dce2e334a,cbc7fb56-50e8-4d4c-adae-5fb5b24c2be0,reading,true_false,"As the San Francisco Fire Department Urban Search-and-Rescue (USAR) Drone Swarm Lead, my primary responsibility is to deploy a mixed team of tethered micro-UAVs and autonomous quadcopters to perform forensic LiDAR and thermal mapping of earthquake collapse sites within a 72-hour life-saving window. Time pressure defines every decision: the earliest hours after a rupture are the most likely to produce survivors, so we design mission plans that prioritize continuous situational awareness, redundancy, and rapid data delivery to on-site rescue teams. Municipal policy constrains our methods; for example, facial recognition is explicitly forbidden, and FAA waivers impose strict airspace and altitude limits that shape swarm behaviour and flight corridors. Additionally, GPS signals are often unreliable in urban canyons and under rubble, so we operate under a GPS-denied mesh-communication framework that requires different approaches to localisation and command and control.

Tethered micro-UAVs and autonomous quadcopters perform complementary roles in urban collapse scenarios. Micro-UAVs equipped with tethered power can hover for extended periods without the frequent battery swaps required of free-flying quads, making them ideal for persistent thermal watches over likely survivor voids. By contrast, autonomous quads are faster and more manoeuvrable, enabling rapid LiDAR sweeps to construct three-dimensional models of unstable structures. LiDAR provides precise geometric data to reveal void spaces and overhangs, while thermal sensors detect heat anomalies that may indicate human presence. Integrating both sensor types improves the probability of detection, but also increases data volumes and processing needs during an already compressed timeline.

Communications and localisation in GPS-denied environments form a technical bottleneck that affects both safety and effectiveness. We deploy a resilient mesh network that uses line-of-sight radio relays and low-frequency links to maintain command over multiple platforms; where possible we augment this with ultra-wideband (UWB) beacons to provide relative ranging. Onboard algorithms rely on LiDAR scan-matching and visual-inertial odometry to estimate position when absolute GPS fixes are unavailable. These methods require careful calibration and frequent cross-checks to prevent drift; if localisation errors are not managed, mapping artefacts can mislead rescuers. Given a typical per-deployment equipment budget of around $60,000, we must balance investment between sensors, compute hardware, spare batteries, and tether systems, making procurement choices that favour robustness and interoperability.

Regulatory and ethical constraints further influence operational tactics. FAA waivers usually limit altitude, flight duration, and proximity to certain structures, so we plan segmented flights, staggered altitudes, and clearly marked exclusion zones to remain compliant while maximising coverage. Municipal privacy rules prohibit facial recognition and mandate minimal collection of personally identifiable imagery, which affects how thermal and optical feeds are recorded, transmitted, and stored; data governance protocols require encrypted channels and rapid purging of non-essential footage. Safety protocols demand buffer zones around unstable surfaces and real-time abort capabilities if a drone induces additional collapse risk.

Once raw data are collected, rapid processing and fusion determine whether a site yields actionable intelligence. Edge computing units carried on larger quadcopters and on-scene servers perform initial LiDAR-to-mesh conversion and thermal overlay so that rescue teams receive annotated, navigable maps within minutes rather than hours. However, environmental challenges-dust, smoke, reflected heat from fires, and metallic debris-can create false positives or hide thermal signatures, so human analysts review automated detections before committing teams to hazardous entry. Redundancy in sensor modalities and conservative decision thresholds help reduce both missed detections and unnecessary risk.

Balancing technology, time, and budget is an operational art refined by training and interagency coordination. In practice we deploy tethered micro-UAVs early to provide persistent monitoring while sending autonomous quads to perform rapid LiDAR sweeps once access corridors are safe. Robust mesh communications, clear adherence to FAA waivers and municipal privacy mandates, and a transparent data governance policy preserve public trust and operational legality. Ultimately, the goal is to convert complex sensor outputs into simple, reliable cues that rescuers can use to save lives during the critical 72-hour window.",Each mission is required to carry at least two tethered micro-UAVs as part of the standard deployment.,True|False|Not Given,NOT GIVEN,B2,recall,C1,Changed from B2 to C1: The text utilizes highly specialized technical jargon and complex sentence structures characteristic of advanced professional or academic documentation.,PASS,none,recall,The question asks for a specific detail (the number of tethered micro-UAVs) that requires a verbatim lookup in the text to verify its presence.,100,0,4,5,none,none,pass,REVIEW,REVIEW -- predicted CEFR level did not match labeled level
dfa5a87b-533d-477a-9686-0f4dce2e334a,de2aecc3-b520-4253-8e6d-ae629c4886ee,reading,fill_up,"As the San Francisco Fire Department Urban Search-and-Rescue (USAR) Drone Swarm Lead, my primary responsibility is to deploy a mixed team of tethered micro-UAVs and autonomous quadcopters to perform forensic LiDAR and thermal mapping of earthquake collapse sites within a 72-hour life-saving window. Time pressure defines every decision: the earliest hours after a rupture are the most likely to produce survivors, so we design mission plans that prioritize continuous situational awareness, redundancy, and rapid data delivery to on-site rescue teams. Municipal policy constrains our methods; for example, facial recognition is explicitly forbidden, and FAA waivers impose strict airspace and altitude limits that shape swarm behaviour and flight corridors. Additionally, GPS signals are often unreliable in urban canyons and under rubble, so we operate under a GPS-denied mesh-communication framework that requires different approaches to localisation and command and control.

Tethered micro-UAVs and autonomous quadcopters perform complementary roles in urban collapse scenarios. Micro-UAVs equipped with tethered power can hover for extended periods without the frequent battery swaps required of free-flying quads, making them ideal for persistent thermal watches over likely survivor voids. By contrast, autonomous quads are faster and more manoeuvrable, enabling rapid LiDAR sweeps to construct three-dimensional models of unstable structures. LiDAR provides precise geometric data to reveal void spaces and overhangs, while thermal sensors detect heat anomalies that may indicate human presence. Integrating both sensor types improves the probability of detection, but also increases data volumes and processing needs during an already compressed timeline.

Communications and localisation in GPS-denied environments form a technical bottleneck that affects both safety and effectiveness. We deploy a resilient mesh network that uses line-of-sight radio relays and low-frequency links to maintain command over multiple platforms; where possible we augment this with ultra-wideband (UWB) beacons to provide relative ranging. Onboard algorithms rely on LiDAR scan-matching and visual-inertial odometry to estimate position when absolute GPS fixes are unavailable. These methods require careful calibration and frequent cross-checks to prevent drift; if localisation errors are not managed, mapping artefacts can mislead rescuers. Given a typical per-deployment equipment budget of around $60,000, we must balance investment between sensors, compute hardware, spare batteries, and tether systems, making procurement choices that favour robustness and interoperability.

Regulatory and ethical constraints further influence operational tactics. FAA waivers usually limit altitude, flight duration, and proximity to certain structures, so we plan segmented flights, staggered altitudes, and clearly marked exclusion zones to remain compliant while maximising coverage. Municipal privacy rules prohibit facial recognition and mandate minimal collection of personally identifiable imagery, which affects how thermal and optical feeds are recorded, transmitted, and stored; data governance protocols require encrypted channels and rapid purging of non-essential footage. Safety protocols demand buffer zones around unstable surfaces and real-time abort capabilities if a drone induces additional collapse risk.

Once raw data are collected, rapid processing and fusion determine whether a site yields actionable intelligence. Edge computing units carried on larger quadcopters and on-scene servers perform initial LiDAR-to-mesh conversion and thermal overlay so that rescue teams receive annotated, navigable maps within minutes rather than hours. However, environmental challenges-dust, smoke, reflected heat from fires, and metallic debris-can create false positives or hide thermal signatures, so human analysts review automated detections before committing teams to hazardous entry. Redundancy in sensor modalities and conservative decision thresholds help reduce both missed detections and unnecessary risk.

Balancing technology, time, and budget is an operational art refined by training and interagency coordination. In practice we deploy tethered micro-UAVs early to provide persistent monitoring while sending autonomous quads to perform rapid LiDAR sweeps once access corridors are safe. Robust mesh communications, clear adherence to FAA waivers and municipal privacy mandates, and a transparent data governance policy preserve public trust and operational legality. Ultimately, the goal is to convert complex sensor outputs into simple, reliable cues that rescuers can use to save lives during the critical 72-hour window.","Operational practice emphasises deploying ___ micro-UAVs early for ___ monitoring, while sending ___ quads to perform rapid ___ once access corridors are safe.",,tethered; persistent; autonomous; LiDAR sweeps,B2,inference,C1,"Changed from B2 to C1: The question requires extracting specific technical terminology and understanding complex sentence structures within a specialized, professional context.",FLAG,none,inference,"The question requires deducing unstated information, such as the term 'persistent' and the specific operational timing, which are not explicitly mentioned in the text but can be inferred from the drone types described.",100,1,5,5,none,none,pass,REJECT,REJECT -- content: 1 grammar error(s) found
dfa5a87b-533d-477a-9686-0f4dce2e334a,e71b5426-c818-4f3f-ba46-c57cdeb77a94,reading,fill_up,"As the San Francisco Fire Department Urban Search-and-Rescue (USAR) Drone Swarm Lead, my primary responsibility is to deploy a mixed team of tethered micro-UAVs and autonomous quadcopters to perform forensic LiDAR and thermal mapping of earthquake collapse sites within a 72-hour life-saving window. Time pressure defines every decision: the earliest hours after a rupture are the most likely to produce survivors, so we design mission plans that prioritize continuous situational awareness, redundancy, and rapid data delivery to on-site rescue teams. Municipal policy constrains our methods; for example, facial recognition is explicitly forbidden, and FAA waivers impose strict airspace and altitude limits that shape swarm behaviour and flight corridors. Additionally, GPS signals are often unreliable in urban canyons and under rubble, so we operate under a GPS-denied mesh-communication framework that requires different approaches to localisation and command and control.

Tethered micro-UAVs and autonomous quadcopters perform complementary roles in urban collapse scenarios. Micro-UAVs equipped with tethered power can hover for extended periods without the frequent battery swaps required of free-flying quads, making them ideal for persistent thermal watches over likely survivor voids. By contrast, autonomous quads are faster and more manoeuvrable, enabling rapid LiDAR sweeps to construct three-dimensional models of unstable structures. LiDAR provides precise geometric data to reveal void spaces and overhangs, while thermal sensors detect heat anomalies that may indicate human presence. Integrating both sensor types improves the probability of detection, but also increases data volumes and processing needs during an already compressed timeline.

Communications and localisation in GPS-denied environments form a technical bottleneck that affects both safety and effectiveness. We deploy a resilient mesh network that uses line-of-sight radio relays and low-frequency links to maintain command over multiple platforms; where possible we augment this with ultra-wideband (UWB) beacons to provide relative ranging. Onboard algorithms rely on LiDAR scan-matching and visual-inertial odometry to estimate position when absolute GPS fixes are unavailable. These methods require careful calibration and frequent cross-checks to prevent drift; if localisation errors are not managed, mapping artefacts can mislead rescuers. Given a typical per-deployment equipment budget of around $60,000, we must balance investment between sensors, compute hardware, spare batteries, and tether systems, making procurement choices that favour robustness and interoperability.

Regulatory and ethical constraints further influence operational tactics. FAA waivers usually limit altitude, flight duration, and proximity to certain structures, so we plan segmented flights, staggered altitudes, and clearly marked exclusion zones to remain compliant while maximising coverage. Municipal privacy rules prohibit facial recognition and mandate minimal collection of personally identifiable imagery, which affects how thermal and optical feeds are recorded, transmitted, and stored; data governance protocols require encrypted channels and rapid purging of non-essential footage. Safety protocols demand buffer zones around unstable surfaces and real-time abort capabilities if a drone induces additional collapse risk.

Once raw data are collected, rapid processing and fusion determine whether a site yields actionable intelligence. Edge computing units carried on larger quadcopters and on-scene servers perform initial LiDAR-to-mesh conversion and thermal overlay so that rescue teams receive annotated, navigable maps within minutes rather than hours. However, environmental challenges-dust, smoke, reflected heat from fires, and metallic debris-can create false positives or hide thermal signatures, so human analysts review automated detections before committing teams to hazardous entry. Redundancy in sensor modalities and conservative decision thresholds help reduce both missed detections and unnecessary risk.

Balancing technology, time, and budget is an operational art refined by training and interagency coordination. In practice we deploy tethered micro-UAVs early to provide persistent monitoring while sending autonomous quads to perform rapid LiDAR sweeps once access corridors are safe. Robust mesh communications, clear adherence to FAA waivers and municipal privacy mandates, and a transparent data governance policy preserve public trust and operational legality. Ultimately, the goal is to convert complex sensor outputs into simple, reliable cues that rescuers can use to save lives during the critical 72-hour window.","In GPS-denied areas, communications rely on a ___ that uses ___ radio relays, and teams augment this with ___ to provide ___ for relative positioning.",,mesh network; line-of-sight; ultra-wideband beacons; relative ranging,B2,vocabulary,C1,Changed from B2 to C1: The question requires understanding highly specialized technical terminology and complex sentence structures related to drone technology and communications.,FLAG,none,recall,"The question is a fill-in-the-blank (cloze) task that requires the extraction of specific technical terms from the text, which corresponds to 'recall' (verbatim lookup), whereas the 'vocabulary' label is defined as knowing the meaning of a word.",100,0,1,5,none,requires_specialist_knowledge,requires_specialist_knowledge,REJECT,REJECT -- content: clarity below target (1 < 4); fairness: requires_specialist_knowledge
dfa5a87b-533d-477a-9686-0f4dce2e334a,0d276a2a-b23d-4a4e-b56c-4d62ce6c1266,reading,fill_up,"As the San Francisco Fire Department Urban Search-and-Rescue (USAR) Drone Swarm Lead, my primary responsibility is to deploy a mixed team of tethered micro-UAVs and autonomous quadcopters to perform forensic LiDAR and thermal mapping of earthquake collapse sites within a 72-hour life-saving window. Time pressure defines every decision: the earliest hours after a rupture are the most likely to produce survivors, so we design mission plans that prioritize continuous situational awareness, redundancy, and rapid data delivery to on-site rescue teams. Municipal policy constrains our methods; for example, facial recognition is explicitly forbidden, and FAA waivers impose strict airspace and altitude limits that shape swarm behaviour and flight corridors. Additionally, GPS signals are often unreliable in urban canyons and under rubble, so we operate under a GPS-denied mesh-communication framework that requires different approaches to localisation and command and control.

Tethered micro-UAVs and autonomous quadcopters perform complementary roles in urban collapse scenarios. Micro-UAVs equipped with tethered power can hover for extended periods without the frequent battery swaps required of free-flying quads, making them ideal for persistent thermal watches over likely survivor voids. By contrast, autonomous quads are faster and more manoeuvrable, enabling rapid LiDAR sweeps to construct three-dimensional models of unstable structures. LiDAR provides precise geometric data to reveal void spaces and overhangs, while thermal sensors detect heat anomalies that may indicate human presence. Integrating both sensor types improves the probability of detection, but also increases data volumes and processing needs during an already compressed timeline.

Communications and localisation in GPS-denied environments form a technical bottleneck that affects both safety and effectiveness. We deploy a resilient mesh network that uses line-of-sight radio relays and low-frequency links to maintain command over multiple platforms; where possible we augment this with ultra-wideband (UWB) beacons to provide relative ranging. Onboard algorithms rely on LiDAR scan-matching and visual-inertial odometry to estimate position when absolute GPS fixes are unavailable. These methods require careful calibration and frequent cross-checks to prevent drift; if localisation errors are not managed, mapping artefacts can mislead rescuers. Given a typical per-deployment equipment budget of around $60,000, we must balance investment between sensors, compute hardware, spare batteries, and tether systems, making procurement choices that favour robustness and interoperability.

Regulatory and ethical constraints further influence operational tactics. FAA waivers usually limit altitude, flight duration, and proximity to certain structures, so we plan segmented flights, staggered altitudes, and clearly marked exclusion zones to remain compliant while maximising coverage. Municipal privacy rules prohibit facial recognition and mandate minimal collection of personally identifiable imagery, which affects how thermal and optical feeds are recorded, transmitted, and stored; data governance protocols require encrypted channels and rapid purging of non-essential footage. Safety protocols demand buffer zones around unstable surfaces and real-time abort capabilities if a drone induces additional collapse risk.

Once raw data are collected, rapid processing and fusion determine whether a site yields actionable intelligence. Edge computing units carried on larger quadcopters and on-scene servers perform initial LiDAR-to-mesh conversion and thermal overlay so that rescue teams receive annotated, navigable maps within minutes rather than hours. However, environmental challenges-dust, smoke, reflected heat from fires, and metallic debris-can create false positives or hide thermal signatures, so human analysts review automated detections before committing teams to hazardous entry. Redundancy in sensor modalities and conservative decision thresholds help reduce both missed detections and unnecessary risk.

Balancing technology, time, and budget is an operational art refined by training and interagency coordination. In practice we deploy tethered micro-UAVs early to provide persistent monitoring while sending autonomous quads to perform rapid LiDAR sweeps once access corridors are safe. Robust mesh communications, clear adherence to FAA waivers and municipal privacy mandates, and a transparent data governance policy preserve public trust and operational legality. Ultimately, the goal is to convert complex sensor outputs into simple, reliable cues that rescuers can use to save lives during the critical 72-hour window.","After collection, edge computing and on-scene servers convert LiDAR into ___ and overlay thermal data so teams receive annotated, navigable ___ within minutes; however, environmental factors can cause false ___, so human analysts review automated ___ before committing teams.",,mesh; maps; positives; detections,B2,comprehension,C1,"Changed from B2 to C1: The question requires understanding highly specialized technical vocabulary and complex sentence structures within a professional, domain-specific context.",FLAG,none,comprehension,"The task requires connecting the technical facts and processes described in the text to correctly fill in the blanks, which aligns with the definition of comprehension.",100,0,2,5,none,requires_specialist_knowledge,requires_specialist_knowledge,REJECT,REJECT -- content: clarity below target (2 < 4); fairness: requires_specialist_knowledge
2c89bf5b-0881-4317-88b9-77797c0cd0e2,a7874d8b-30cd-4205-ba27-455566ba23e9,reading,true_false,"I am the lead curator of heirloom grains at the Al-Qamar Municipal Seed Vault. The city has been under siege and the vault stands in a deep, cool basement that helps keep seeds alive. My work focuses on short-season durum and barley landraces. A landrace is a local variety of a crop that farmers have grown for many years. These grains mature quickly and can grow in tough conditions, so they are vital now. I have only a three-hour nightly window when the diesel generator runs. That limited power forces every decision I make.

Salvaging and preparing seeds is always practical work. An accession is a sample or batch of seeds stored for study and safekeeping. When I receive an accession, I first check the seeds for damage and remove stones and plant debris. Next comes drying. Seeds must reach a low moisture level so they do not rot. I use a small electric dryer and a vacuum sealer during the three-hour generator period. Vacuum-sealing means removing air from a bag so moisture and insects are kept out. I must also add silica gel packets, which absorb any remaining moisture. My monthly materials budget is $150, for bags, silica, labels and small repairs. With this budget I cannot save every accession, so I must decide which samples to process first.

Choosing what to save is both practical and ethical. I prioritize short-season varieties that can be planted and harvested quickly, because they are most useful to people facing uncertainty. I also look for varieties with local names, recipes, or stories attached. These cultural connections matter for memory and identity. Sometimes I must let go of rare samples if they cannot be dried and sealed in time. That is a hard choice. I keep careful notes on each accession, recording origin, farmer name, and any special traits like drought tolerance or early ripening.

After sealing, seeds need cooling and duplication. Cooling lowers seed metabolism and helps maintain viability, the ability to grow into plants. The vault has an underground room that stays cool even when the generator is off. For safety, I create duplicates: one copy stays here, another copy goes out. Moving seeds out of the city requires discreet transport. I coordinate with trusted contacts who can carry packages along a river route to diaspora repositories abroad. These repositories are gardens of memory and practical storage where seeds can be grown again if needed.

Work with seeds in war is quiet but urgent. Every three-hour diesel night we save a few more types of durum and barley. With small budgets and careful choice, we protect food options and cultural stories for future farmers. The seeds represent both survival and hope, a living link between people and the land they know.",Each sealed bag of seeds is packed with three silica gel packets.,True|False|Not Given,NOT GIVEN,B1,recall,B2,"Changed from B1 to B2: The text uses specialized vocabulary like 'heirloom grains' and 'landraces,' and the question requires the ability to identify information that is not present in the text.",PASS,none,recall,"The question asks for a specific, concrete detail (the number of silica gel packets) which requires a verbatim lookup of the text to determine if the information is present.",100,0,4,5,none,none,pass,REVIEW,REVIEW -- predicted CEFR level did not match labeled level
2c89bf5b-0881-4317-88b9-77797c0cd0e2,45113299-56ee-4815-92ef-454cebc3138f,reading,fill_up,"I am the lead curator of heirloom grains at the Al-Qamar Municipal Seed Vault. The city has been under siege and the vault stands in a deep, cool basement that helps keep seeds alive. My work focuses on short-season durum and barley landraces. A landrace is a local variety of a crop that farmers have grown for many years. These grains mature quickly and can grow in tough conditions, so they are vital now. I have only a three-hour nightly window when the diesel generator runs. That limited power forces every decision I make.

Salvaging and preparing seeds is always practical work. An accession is a sample or batch of seeds stored for study and safekeeping. When I receive an accession, I first check the seeds for damage and remove stones and plant debris. Next comes drying. Seeds must reach a low moisture level so they do not rot. I use a small electric dryer and a vacuum sealer during the three-hour generator period. Vacuum-sealing means removing air from a bag so moisture and insects are kept out. I must also add silica gel packets, which absorb any remaining moisture. My monthly materials budget is $150, for bags, silica, labels and small repairs. With this budget I cannot save every accession, so I must decide which samples to process first.

Choosing what to save is both practical and ethical. I prioritize short-season varieties that can be planted and harvested quickly, because they are most useful to people facing uncertainty. I also look for varieties with local names, recipes, or stories attached. These cultural connections matter for memory and identity. Sometimes I must let go of rare samples if they cannot be dried and sealed in time. That is a hard choice. I keep careful notes on each accession, recording origin, farmer name, and any special traits like drought tolerance or early ripening.

After sealing, seeds need cooling and duplication. Cooling lowers seed metabolism and helps maintain viability, the ability to grow into plants. The vault has an underground room that stays cool even when the generator is off. For safety, I create duplicates: one copy stays here, another copy goes out. Moving seeds out of the city requires discreet transport. I coordinate with trusted contacts who can carry packages along a river route to diaspora repositories abroad. These repositories are gardens of memory and practical storage where seeds can be grown again if needed.

Work with seeds in war is quiet but urgent. Every three-hour diesel night we save a few more types of durum and barley. With small budgets and careful choice, we protect food options and cultural stories for future farmers. The seeds represent both survival and hope, a living link between people and the land they know.",The limited three-hour generator time makes the curator's work feel ___.,,urgent,B1,inference,B2,Changed from B1 to B2: The question requires the reader to infer a specific tone (urgency) from contextual clues within a text containing specialized vocabulary.,FLAG,none,inference,"The answer 'urgent' is an unstated conclusion drawn from the context of a siege and limited resources, rather than a direct quote from the text.",0,0,1,1,none,sensitive_content_review_needed,sensitive_content_review_needed,REJECT,REJECT -- content: accuracy below target (0 < 90); clarity below target (1 < 4); completeness below target (1 < 4); fairness: sensitive_content_review_needed
2c89bf5b-0881-4317-88b9-77797c0cd0e2,9b4f8565-69fc-436d-9c72-c3bb497c5b73,reading,true_false,"I am the lead curator of heirloom grains at the Al-Qamar Municipal Seed Vault. The city has been under siege and the vault stands in a deep, cool basement that helps keep seeds alive. My work focuses on short-season durum and barley landraces. A landrace is a local variety of a crop that farmers have grown for many years. These grains mature quickly and can grow in tough conditions, so they are vital now. I have only a three-hour nightly window when the diesel generator runs. That limited power forces every decision I make.

Salvaging and preparing seeds is always practical work. An accession is a sample or batch of seeds stored for study and safekeeping. When I receive an accession, I first check the seeds for damage and remove stones and plant debris. Next comes drying. Seeds must reach a low moisture level so they do not rot. I use a small electric dryer and a vacuum sealer during the three-hour generator period. Vacuum-sealing means removing air from a bag so moisture and insects are kept out. I must also add silica gel packets, which absorb any remaining moisture. My monthly materials budget is $150, for bags, silica, labels and small repairs. With this budget I cannot save every accession, so I must decide which samples to process first.

Choosing what to save is both practical and ethical. I prioritize short-season varieties that can be planted and harvested quickly, because they are most useful to people facing uncertainty. I also look for varieties with local names, recipes, or stories attached. These cultural connections matter for memory and identity. Sometimes I must let go of rare samples if they cannot be dried and sealed in time. That is a hard choice. I keep careful notes on each accession, recording origin, farmer name, and any special traits like drought tolerance or early ripening.

After sealing, seeds need cooling and duplication. Cooling lowers seed metabolism and helps maintain viability, the ability to grow into plants. The vault has an underground room that stays cool even when the generator is off. For safety, I create duplicates: one copy stays here, another copy goes out. Moving seeds out of the city requires discreet transport. I coordinate with trusted contacts who can carry packages along a river route to diaspora repositories abroad. These repositories are gardens of memory and practical storage where seeds can be grown again if needed.

Work with seeds in war is quiet but urgent. Every three-hour diesel night we save a few more types of durum and barley. With small budgets and careful choice, we protect food options and cultural stories for future farmers. The seeds represent both survival and hope, a living link between people and the land they know.",The curator stores short-season durum and barley because these local varieties grow quickly and can handle difficult growing conditions.,True|False|Not Given,TRUE,B1,comprehension,B2,Changed from B1 to B2: The question requires understanding specialized vocabulary like 'landraces' and 'durum' and making an inference based on the context of the passage.,PASS,none,comprehension,The question requires connecting the stated facts about 'short-season' crops and the 'siege' context to understand the implied reason for the curator's focus.,100,0,4,5,none,none,pass,REVIEW,REVIEW -- predicted CEFR level did not match labeled level
2c89bf5b-0881-4317-88b9-77797c0cd0e2,42485ba0-c68b-4abc-9a80-e98cea10487b,reading,fill_up,"I am the lead curator of heirloom grains at the Al-Qamar Municipal Seed Vault. The city has been under siege and the vault stands in a deep, cool basement that helps keep seeds alive. My work focuses on short-season durum and barley landraces. A landrace is a local variety of a crop that farmers have grown for many years. These grains mature quickly and can grow in tough conditions, so they are vital now. I have only a three-hour nightly window when the diesel generator runs. That limited power forces every decision I make.

Salvaging and preparing seeds is always practical work. An accession is a sample or batch of seeds stored for study and safekeeping. When I receive an accession, I first check the seeds for damage and remove stones and plant debris. Next comes drying. Seeds must reach a low moisture level so they do not rot. I use a small electric dryer and a vacuum sealer during the three-hour generator period. Vacuum-sealing means removing air from a bag so moisture and insects are kept out. I must also add silica gel packets, which absorb any remaining moisture. My monthly materials budget is $150, for bags, silica, labels and small repairs. With this budget I cannot save every accession, so I must decide which samples to process first.

Choosing what to save is both practical and ethical. I prioritize short-season varieties that can be planted and harvested quickly, because they are most useful to people facing uncertainty. I also look for varieties with local names, recipes, or stories attached. These cultural connections matter for memory and identity. Sometimes I must let go of rare samples if they cannot be dried and sealed in time. That is a hard choice. I keep careful notes on each accession, recording origin, farmer name, and any special traits like drought tolerance or early ripening.

After sealing, seeds need cooling and duplication. Cooling lowers seed metabolism and helps maintain viability, the ability to grow into plants. The vault has an underground room that stays cool even when the generator is off. For safety, I create duplicates: one copy stays here, another copy goes out. Moving seeds out of the city requires discreet transport. I coordinate with trusted contacts who can carry packages along a river route to diaspora repositories abroad. These repositories are gardens of memory and practical storage where seeds can be grown again if needed.

Work with seeds in war is quiet but urgent. Every three-hour diesel night we save a few more types of durum and barley. With small budgets and careful choice, we protect food options and cultural stories for future farmers. The seeds represent both survival and hope, a living link between people and the land they know.",An accession means a ___ of seeds kept for study and safekeeping.,,sample,B1,vocabulary,C1,Changed from B1 to C1: The question requires understanding highly specialized and technical vocabulary ('accession') within a professional context.,FLAG,none,vocabulary,The question asks for the definition or meaning of the specific term 'accession'.,90,0,2,1,none,none,pass,REJECT,REJECT -- content: clarity below target (2 < 4); completeness below target (1 < 4)
2c89bf5b-0881-4317-88b9-77797c0cd0e2,2099f15f-328b-4675-aa45-800d321bb4bf,reading,fill_up,"I am the lead curator of heirloom grains at the Al-Qamar Municipal Seed Vault. The city has been under siege and the vault stands in a deep, cool basement that helps keep seeds alive. My work focuses on short-season durum and barley landraces. A landrace is a local variety of a crop that farmers have grown for many years. These grains mature quickly and can grow in tough conditions, so they are vital now. I have only a three-hour nightly window when the diesel generator runs. That limited power forces every decision I make.

Salvaging and preparing seeds is always practical work. An accession is a sample or batch of seeds stored for study and safekeeping. When I receive an accession, I first check the seeds for damage and remove stones and plant debris. Next comes drying. Seeds must reach a low moisture level so they do not rot. I use a small electric dryer and a vacuum sealer during the three-hour generator period. Vacuum-sealing means removing air from a bag so moisture and insects are kept out. I must also add silica gel packets, which absorb any remaining moisture. My monthly materials budget is $150, for bags, silica, labels and small repairs. With this budget I cannot save every accession, so I must decide which samples to process first.

Choosing what to save is both practical and ethical. I prioritize short-season varieties that can be planted and harvested quickly, because they are most useful to people facing uncertainty. I also look for varieties with local names, recipes, or stories attached. These cultural connections matter for memory and identity. Sometimes I must let go of rare samples if they cannot be dried and sealed in time. That is a hard choice. I keep careful notes on each accession, recording origin, farmer name, and any special traits like drought tolerance or early ripening.

After sealing, seeds need cooling and duplication. Cooling lowers seed metabolism and helps maintain viability, the ability to grow into plants. The vault has an underground room that stays cool even when the generator is off. For safety, I create duplicates: one copy stays here, another copy goes out. Moving seeds out of the city requires discreet transport. I coordinate with trusted contacts who can carry packages along a river route to diaspora repositories abroad. These repositories are gardens of memory and practical storage where seeds can be grown again if needed.

Work with seeds in war is quiet but urgent. Every three-hour diesel night we save a few more types of durum and barley. With small budgets and careful choice, we protect food options and cultural stories for future farmers. The seeds represent both survival and hope, a living link between people and the land they know.","After sealing, seeds are cooled to lower seed ___ and help maintain viability.",,metabolism,B1,comprehension,B2,Changed from B1 to B2: The question requires understanding technical and scientific vocabulary such as 'metabolism' and 'viability' within a specialized context.,FLAG,none,inference,"The answer 'metabolism' is an unstated conclusion not explicitly mentioned in the text, which fits the provided definition of inference.",100,0,4,2,none,none,pass,REJECT,REJECT -- content: completeness below target (2 < 4)
f6d46f7d-dd90-4d46-8b72-1b59ec358165,07750345-9eb1-473b-84ec-8114ef67c055,reading,fill_up,"Working as a senior geothermal operations engineer at a minewater-cooled data centre in the former coalfields of Yorkshire involves continuous decision-making under technical and regulatory constraints. The site uses flooded mine workings as a heat sink and, in this location, minewater temperature swings seasonally between roughly 8°C in winter and 16°C in late summer. My responsibilities focus on integrating an organic Rankine cycle (ORC) turbine to recover low-grade heat, controlling corrosion in heat-exchange systems, mitigating intermittent methane seeps, and managing 24/7 SCADA-monitored pumps while complying with strict groundwater discharge permits.

ORC turbine integration presents a series of trade-offs that have practical consequences. Low-temperature ORC technology can operate with heat sources substantially below conventional steam cycles, but its thermal efficiency declines rapidly as the working-fluid inlet temperature falls. At our site, the ORC is most productive during late summer only if minewater temperatures can be elevated through waste-heat recirculation; conversely, winter inlet temperatures may be too low to justify full ORC operation. Decisions therefore involve balancing recovered electrical output against additional pumping energy and maintenance costs. We have also examined hybrid operational modes in which the ORC runs intermittently to match peak loads, which may preserve turbine life and reduce overall operating expenditure.

Corrosion control in heat exchangers requires both material selection and active maintenance. The minewater contains elevated iron, manganese and dissolved gases, which can promote pitting and microbiologically influenced corrosion if left unchecked. We favour duplex stainless steels for primary surfaces and apply sacrificial anodes where galvanic risk is significant; in some circuits we use non-metallic heat exchangers to avoid contact corrosion altogether. Chemical dosing-such as low-level biocide and controlled oxygen-scavenging agents-must be calibrated carefully because the discharge permit restricts chemical concentrations. Regular inspection and localised cleaning have been effective, but these activities consume a notable portion of the maintenance budget.

Methane seepage is intermittent and often correlated with barometric pressure changes, and it represents both an operational risk and a regulatory concern. Small seeps are typically addressed by passive degassing chambers and continuous gas monitoring; larger emissions require active extraction and flare or capture for on-site use. We try to capture methane when economically sensible, for instance to fuel backup generators, but capture systems add capital cost and complexity. Safety procedures are therefore essential: SCADA monitors gas sensors and issues high-priority alarms, and field teams follow a predefined escalation protocol to isolate affected circuits and ventilate plant rooms.

These technical measures operate inside a stringent managerial envelope. The site runs 24/7 pumps controlled by SCADA with automated alarms, but human intervention remains necessary for many events and must be prioritised given a fixed annual operation and maintenance cap of €500,000. Groundwater discharge permits impose temperature limits-typically a maximum 2°C allowable increase over ambient-and strict thresholds for suspended solids and metallic contaminants. Consequently, some operational choices hinge on permit compliance rather than pure engineering preference: for example, increasing recirculation to boost ORC inlet temperature might improve power recovery but risk surpassing thermal discharge limits or increasing suspended solids due to mobilised sediments.

Ultimately, the practical objective is to optimise system-wide performance within regulatory and financial constraints. This requires measured risk management: prioritising actions that safeguard compliance and safety, scheduling preventive maintenance to reduce expensive reactive repairs, and accepting intermittent ORC operation when it offers the best trade-off between recovered energy and additional costs. With careful monitoring and adaptable procedures, minewater-cooled data centres can deliver reliable cooling and modest energy recovery without breaching environmental permits or exhausting limited O&M budgets.",The site uses flooded mine workings as a heat sink and minewater temperature varies seasonally from approximately ___ in winter to ___ in late summer.,,8°C; 16°C,B2,comprehension,B2,No change -- confirmed B2: The question requires extracting specific technical details from a passage that uses specialized vocabulary related to geothermal engineering.,PASS,none,recall,"The question requires a verbatim lookup of specific temperature values explicitly stated in the text, which fits the definition of recall rather than connecting facts.",100,0,5,5,none,none,pass,USE,USE -- passed
f6d46f7d-dd90-4d46-8b72-1b59ec358165,7cccc869-594d-4cac-b004-b87355f752ec,reading,fill_up,"Working as a senior geothermal operations engineer at a minewater-cooled data centre in the former coalfields of Yorkshire involves continuous decision-making under technical and regulatory constraints. The site uses flooded mine workings as a heat sink and, in this location, minewater temperature swings seasonally between roughly 8°C in winter and 16°C in late summer. My responsibilities focus on integrating an organic Rankine cycle (ORC) turbine to recover low-grade heat, controlling corrosion in heat-exchange systems, mitigating intermittent methane seeps, and managing 24/7 SCADA-monitored pumps while complying with strict groundwater discharge permits.

ORC turbine integration presents a series of trade-offs that have practical consequences. Low-temperature ORC technology can operate with heat sources substantially below conventional steam cycles, but its thermal efficiency declines rapidly as the working-fluid inlet temperature falls. At our site, the ORC is most productive during late summer only if minewater temperatures can be elevated through waste-heat recirculation; conversely, winter inlet temperatures may be too low to justify full ORC operation. Decisions therefore involve balancing recovered electrical output against additional pumping energy and maintenance costs. We have also examined hybrid operational modes in which the ORC runs intermittently to match peak loads, which may preserve turbine life and reduce overall operating expenditure.

Corrosion control in heat exchangers requires both material selection and active maintenance. The minewater contains elevated iron, manganese and dissolved gases, which can promote pitting and microbiologically influenced corrosion if left unchecked. We favour duplex stainless steels for primary surfaces and apply sacrificial anodes where galvanic risk is significant; in some circuits we use non-metallic heat exchangers to avoid contact corrosion altogether. Chemical dosing-such as low-level biocide and controlled oxygen-scavenging agents-must be calibrated carefully because the discharge permit restricts chemical concentrations. Regular inspection and localised cleaning have been effective, but these activities consume a notable portion of the maintenance budget.

Methane seepage is intermittent and often correlated with barometric pressure changes, and it represents both an operational risk and a regulatory concern. Small seeps are typically addressed by passive degassing chambers and continuous gas monitoring; larger emissions require active extraction and flare or capture for on-site use. We try to capture methane when economically sensible, for instance to fuel backup generators, but capture systems add capital cost and complexity. Safety procedures are therefore essential: SCADA monitors gas sensors and issues high-priority alarms, and field teams follow a predefined escalation protocol to isolate affected circuits and ventilate plant rooms.

These technical measures operate inside a stringent managerial envelope. The site runs 24/7 pumps controlled by SCADA with automated alarms, but human intervention remains necessary for many events and must be prioritised given a fixed annual operation and maintenance cap of €500,000. Groundwater discharge permits impose temperature limits-typically a maximum 2°C allowable increase over ambient-and strict thresholds for suspended solids and metallic contaminants. Consequently, some operational choices hinge on permit compliance rather than pure engineering preference: for example, increasing recirculation to boost ORC inlet temperature might improve power recovery but risk surpassing thermal discharge limits or increasing suspended solids due to mobilised sediments.

Ultimately, the practical objective is to optimise system-wide performance within regulatory and financial constraints. This requires measured risk management: prioritising actions that safeguard compliance and safety, scheduling preventive maintenance to reduce expensive reactive repairs, and accepting intermittent ORC operation when it offers the best trade-off between recovered energy and additional costs. With careful monitoring and adaptable procedures, minewater-cooled data centres can deliver reliable cooling and modest energy recovery without breaching environmental permits or exhausting limited O&M budgets.","Faced with strict permits and a limited O&M budget, engineers prioritise compliance and safety and are therefore willing to accept ___ ORC operation when it best balances recovered energy and extra costs.",,intermittent,B2,inference,C1,Changed from B2 to C1: The question requires understanding specialized technical terminology and inferring a nuanced descriptor based on complex professional and economic constraints.,FLAG,none,inference,The answer 'intermittent' is not explicitly stated in the text and must be deduced from the context of seasonal temperature swings and the need to balance energy recovery with costs and constraints.,100,0,2,5,none,requires_specialist_knowledge,requires_specialist_knowledge,REJECT,REJECT -- content: clarity below target (2 < 4); fairness: requires_specialist_knowledge
f6d46f7d-dd90-4d46-8b72-1b59ec358165,35ea9b93-d6e0-4aa2-a7a0-ea80273a79ff,reading,fill_up,"Working as a senior geothermal operations engineer at a minewater-cooled data centre in the former coalfields of Yorkshire involves continuous decision-making under technical and regulatory constraints. The site uses flooded mine workings as a heat sink and, in this location, minewater temperature swings seasonally between roughly 8°C in winter and 16°C in late summer. My responsibilities focus on integrating an organic Rankine cycle (ORC) turbine to recover low-grade heat, controlling corrosion in heat-exchange systems, mitigating intermittent methane seeps, and managing 24/7 SCADA-monitored pumps while complying with strict groundwater discharge permits.

ORC turbine integration presents a series of trade-offs that have practical consequences. Low-temperature ORC technology can operate with heat sources substantially below conventional steam cycles, but its thermal efficiency declines rapidly as the working-fluid inlet temperature falls. At our site, the ORC is most productive during late summer only if minewater temperatures can be elevated through waste-heat recirculation; conversely, winter inlet temperatures may be too low to justify full ORC operation. Decisions therefore involve balancing recovered electrical output against additional pumping energy and maintenance costs. We have also examined hybrid operational modes in which the ORC runs intermittently to match peak loads, which may preserve turbine life and reduce overall operating expenditure.

Corrosion control in heat exchangers requires both material selection and active maintenance. The minewater contains elevated iron, manganese and dissolved gases, which can promote pitting and microbiologically influenced corrosion if left unchecked. We favour duplex stainless steels for primary surfaces and apply sacrificial anodes where galvanic risk is significant; in some circuits we use non-metallic heat exchangers to avoid contact corrosion altogether. Chemical dosing-such as low-level biocide and controlled oxygen-scavenging agents-must be calibrated carefully because the discharge permit restricts chemical concentrations. Regular inspection and localised cleaning have been effective, but these activities consume a notable portion of the maintenance budget.

Methane seepage is intermittent and often correlated with barometric pressure changes, and it represents both an operational risk and a regulatory concern. Small seeps are typically addressed by passive degassing chambers and continuous gas monitoring; larger emissions require active extraction and flare or capture for on-site use. We try to capture methane when economically sensible, for instance to fuel backup generators, but capture systems add capital cost and complexity. Safety procedures are therefore essential: SCADA monitors gas sensors and issues high-priority alarms, and field teams follow a predefined escalation protocol to isolate affected circuits and ventilate plant rooms.

These technical measures operate inside a stringent managerial envelope. The site runs 24/7 pumps controlled by SCADA with automated alarms, but human intervention remains necessary for many events and must be prioritised given a fixed annual operation and maintenance cap of €500,000. Groundwater discharge permits impose temperature limits-typically a maximum 2°C allowable increase over ambient-and strict thresholds for suspended solids and metallic contaminants. Consequently, some operational choices hinge on permit compliance rather than pure engineering preference: for example, increasing recirculation to boost ORC inlet temperature might improve power recovery but risk surpassing thermal discharge limits or increasing suspended solids due to mobilised sediments.

Ultimately, the practical objective is to optimise system-wide performance within regulatory and financial constraints. This requires measured risk management: prioritising actions that safeguard compliance and safety, scheduling preventive maintenance to reduce expensive reactive repairs, and accepting intermittent ORC operation when it offers the best trade-off between recovered energy and additional costs. With careful monitoring and adaptable procedures, minewater-cooled data centres can deliver reliable cooling and modest energy recovery without breaching environmental permits or exhausting limited O&M budgets.",To control galvanic corrosion in heat-exchange circuits they apply ___ where galvanic risk is significant.,,sacrificial anodes,B2,vocabulary,C1,Changed from B2 to C1: The question requires understanding highly specialized technical vocabulary and complex engineering concepts such as 'galvanic corrosion' and 'sacrificial anodes'.,PASS,none,recall,"The question is a fill-in-the-blank task that requires retrieving a specific technical term from the text, which corresponds to 'recall' (verbatim lookup), whereas 'vocabulary' is defined as the meaning of a word.",100,0,4,5,none,requires_specialist_knowledge,requires_specialist_knowledge,REJECT,REJECT -- fairness: requires_specialist_knowledge
f6d46f7d-dd90-4d46-8b72-1b59ec358165,9c1fb61f-c821-47df-9dd1-fe9e250937cf,reading,true_false,"Working as a senior geothermal operations engineer at a minewater-cooled data centre in the former coalfields of Yorkshire involves continuous decision-making under technical and regulatory constraints. The site uses flooded mine workings as a heat sink and, in this location, minewater temperature swings seasonally between roughly 8°C in winter and 16°C in late summer. My responsibilities focus on integrating an organic Rankine cycle (ORC) turbine to recover low-grade heat, controlling corrosion in heat-exchange systems, mitigating intermittent methane seeps, and managing 24/7 SCADA-monitored pumps while complying with strict groundwater discharge permits.

ORC turbine integration presents a series of trade-offs that have practical consequences. Low-temperature ORC technology can operate with heat sources substantially below conventional steam cycles, but its thermal efficiency declines rapidly as the working-fluid inlet temperature falls. At our site, the ORC is most productive during late summer only if minewater temperatures can be elevated through waste-heat recirculation; conversely, winter inlet temperatures may be too low to justify full ORC operation. Decisions therefore involve balancing recovered electrical output against additional pumping energy and maintenance costs. We have also examined hybrid operational modes in which the ORC runs intermittently to match peak loads, which may preserve turbine life and reduce overall operating expenditure.

Corrosion control in heat exchangers requires both material selection and active maintenance. The minewater contains elevated iron, manganese and dissolved gases, which can promote pitting and microbiologically influenced corrosion if left unchecked. We favour duplex stainless steels for primary surfaces and apply sacrificial anodes where galvanic risk is significant; in some circuits we use non-metallic heat exchangers to avoid contact corrosion altogether. Chemical dosing-such as low-level biocide and controlled oxygen-scavenging agents-must be calibrated carefully because the discharge permit restricts chemical concentrations. Regular inspection and localised cleaning have been effective, but these activities consume a notable portion of the maintenance budget.

Methane seepage is intermittent and often correlated with barometric pressure changes, and it represents both an operational risk and a regulatory concern. Small seeps are typically addressed by passive degassing chambers and continuous gas monitoring; larger emissions require active extraction and flare or capture for on-site use. We try to capture methane when economically sensible, for instance to fuel backup generators, but capture systems add capital cost and complexity. Safety procedures are therefore essential: SCADA monitors gas sensors and issues high-priority alarms, and field teams follow a predefined escalation protocol to isolate affected circuits and ventilate plant rooms.

These technical measures operate inside a stringent managerial envelope. The site runs 24/7 pumps controlled by SCADA with automated alarms, but human intervention remains necessary for many events and must be prioritised given a fixed annual operation and maintenance cap of €500,000. Groundwater discharge permits impose temperature limits-typically a maximum 2°C allowable increase over ambient-and strict thresholds for suspended solids and metallic contaminants. Consequently, some operational choices hinge on permit compliance rather than pure engineering preference: for example, increasing recirculation to boost ORC inlet temperature might improve power recovery but risk surpassing thermal discharge limits or increasing suspended solids due to mobilised sediments.

Ultimately, the practical objective is to optimise system-wide performance within regulatory and financial constraints. This requires measured risk management: prioritising actions that safeguard compliance and safety, scheduling preventive maintenance to reduce expensive reactive repairs, and accepting intermittent ORC operation when it offers the best trade-off between recovered energy and additional costs. With careful monitoring and adaptable procedures, minewater-cooled data centres can deliver reliable cooling and modest energy recovery without breaching environmental permits or exhausting limited O&M budgets.","The senior engineer is responsible for integrating an ORC turbine, minimising corrosion in heat exchangers, managing intermittent methane emissions, and overseeing pumps that are continuously monitored while complying with strict discharge permits.",True|False|Not Given,TRUE,B2,comprehension,C1,"Changed from B2 to C1: The question utilizes highly specialized technical vocabulary and a complex, multi-clause sentence structure that requires advanced reading comprehension to verify specific details.",FLAG,none,comprehension,"The question requires verifying a complex statement by connecting multiple specific technical responsibilities mentioned in the text, which aligns with the definition of connecting stated facts.",100,0,1,4,none,requires_specialist_knowledge,requires_specialist_knowledge,REJECT,REJECT -- content: clarity below target (1 < 4); fairness: requires_specialist_knowledge
4b0d5f9f-4490-4470-865d-d47949e3dbcf,e14240a3-377b-4723-86f4-117aec8754b0,reading,mcq,"I manage a small micro-factory on the portside of Rotterdam where retired Nissan Leaf and Renault Zoe battery modules are refurbished into containerized off-grid storage. My team and I receive whole packs or loose modules from local breakers, and we aim to transform them into reliable energy units for construction sites, festivals, or remote households. The work is technically demanding: modules that have completed vehicle duty often show uneven state-of-charge and varying internal resistance, so careful testing and reconditioning are essential before any repackaging is attempted.

Regulatory compliance shapes much of our daily planning because EU hazardous-waste export rules are strict and sometimes ambiguous. Batteries that cannot be restored to safe, reusable condition are classified as hazardous waste and must be documented and disposed of within the EU; exporting them for recycling outside the bloc is often prohibited or requires onerous permits. Consequently, we maintain a detailed chain-of-custody record and coordinate with certified recyclers in the Netherlands, which increases logistical complexity and occasional costs. While these regulations enhance environmental protection, they also constrain throughput and require administrative time that smaller operations like ours can scarcely spare.

Operationally, a stringent 72-hour dockside power-sharing window is another constraint that influences workflow. When we receive fresh modules at the quay, we have a limited period in which we can use shore power to perform balancing charges, capacity tests, and initial diagnostics before the modules must be moved or placed under alternative arrangements. This window forces us to prioritize which modules are tested immediately and which are triaged for later work. It also compels efficient scheduling of personnel and equipment because any delay can result in additional handling fees or missed opportunities to utilise the dock's higher-capacity supply.

Safety assessments depend heavily on thermal imaging, yet our resources are minimal: there is only one thermal camera shared among technicians. Thermal scans are indispensable for detecting hot cells, uneven heating during charge and discharge, and poor thermal contact within modules, all of which could indicate internal damage or imminent failure. With a single camera we must adopt a risk-based approach, scanning modules that show anomalous voltage or resistance first and using spot checks for lower-risk units. This method reduces immediate hazards but increases the chance of undetected faults, so we combine visual inspections, electrical tests, and conservative assembly criteria to mitigate risk.

Budgetary limits further shape decisions; our tooling budget is restricted to EUR 1,500 per month, which means we must prioritise consumables and essential fixtures over more advanced diagnostic gear. Purchases are carefully justified: precision connectors, balancers, basic cell fixtures, and protective equipment usually take precedence, while more expensive items such as automated capacity testers or an additional thermal camera must be deferred or sourced second-hand. As a result, procedural rigor, standardised checklists, and staff training become crucial compensatory measures to maintain quality without heavy capital expenditure.

Balancing safety, law, and budget requires continual adaptation. We document results, refine triage protocols, and negotiate storage and recycling partnerships that align with EU requirements, all while working within the 72-hour dockside constraint and a very limited tooling budget. Although our operation is small and constrained, these limitations have encouraged innovation: modular container designs that allow rapid swapping, simplified diagnostics that reduce time at the quay, and community partnerships for compliant disposal. Given the evolving regulatory and technological landscape, staying cautious and flexible remains the most reliable strategy for sustainable, lawful, and safe refurbishment.",Which statement best summarises the company's overall strategy for refurbishing EV battery modules at the quay?,"They focus on exporting hazardous batteries outside the EU to reduce disposal costs.|They continually adapt procedures, form partnerships, and prioritise safety and legal compliance within tight budgetary limits.|They primarily expand throughput by investing heavily in automated diagnostic equipment.|They refuse to accept any modules unless they are already balanced and identical in condition.","They continually adapt procedures, form partnerships, and prioritise safety and legal compliance within tight budgetary limits.",B2,comprehension,B2,No change -- confirmed B2: The question requires synthesizing information to identify a summary of a strategy and utilizes advanced vocabulary such as 'compliance' and 'budgetary limits'.,FLAG,fully_redundant_with:5bc0112c-3eaf-4dad-b7c5-d6797ff967d0,comprehension,"The question asks for a summary of the company's strategy, which requires connecting and synthesizing stated facts to form a cohesive overview.",20,0,2,2,weak_distractors,none,pass,REJECT,REJECT -- content: accuracy below target (20 < 90); clarity below target (2 < 4); completeness below target (2 < 4); rule flags: fully_redundant_with:5bc0112c-3eaf-4dad-b7c5-d6797ff967d0; construction: weak_distractors; rules: fully_redundant_with:5bc0112c-3eaf-4dad-b7c5-d6797ff967d0
4b0d5f9f-4490-4470-865d-d47949e3dbcf,f34ccdc3-76e9-4fc3-808a-1512837f2beb,reading,mcq,"I manage a small micro-factory on the portside of Rotterdam where retired Nissan Leaf and Renault Zoe battery modules are refurbished into containerized off-grid storage. My team and I receive whole packs or loose modules from local breakers, and we aim to transform them into reliable energy units for construction sites, festivals, or remote households. The work is technically demanding: modules that have completed vehicle duty often show uneven state-of-charge and varying internal resistance, so careful testing and reconditioning are essential before any repackaging is attempted.

Regulatory compliance shapes much of our daily planning because EU hazardous-waste export rules are strict and sometimes ambiguous. Batteries that cannot be restored to safe, reusable condition are classified as hazardous waste and must be documented and disposed of within the EU; exporting them for recycling outside the bloc is often prohibited or requires onerous permits. Consequently, we maintain a detailed chain-of-custody record and coordinate with certified recyclers in the Netherlands, which increases logistical complexity and occasional costs. While these regulations enhance environmental protection, they also constrain throughput and require administrative time that smaller operations like ours can scarcely spare.

Operationally, a stringent 72-hour dockside power-sharing window is another constraint that influences workflow. When we receive fresh modules at the quay, we have a limited period in which we can use shore power to perform balancing charges, capacity tests, and initial diagnostics before the modules must be moved or placed under alternative arrangements. This window forces us to prioritize which modules are tested immediately and which are triaged for later work. It also compels efficient scheduling of personnel and equipment because any delay can result in additional handling fees or missed opportunities to utilise the dock's higher-capacity supply.

Safety assessments depend heavily on thermal imaging, yet our resources are minimal: there is only one thermal camera shared among technicians. Thermal scans are indispensable for detecting hot cells, uneven heating during charge and discharge, and poor thermal contact within modules, all of which could indicate internal damage or imminent failure. With a single camera we must adopt a risk-based approach, scanning modules that show anomalous voltage or resistance first and using spot checks for lower-risk units. This method reduces immediate hazards but increases the chance of undetected faults, so we combine visual inspections, electrical tests, and conservative assembly criteria to mitigate risk.

Budgetary limits further shape decisions; our tooling budget is restricted to EUR 1,500 per month, which means we must prioritise consumables and essential fixtures over more advanced diagnostic gear. Purchases are carefully justified: precision connectors, balancers, basic cell fixtures, and protective equipment usually take precedence, while more expensive items such as automated capacity testers or an additional thermal camera must be deferred or sourced second-hand. As a result, procedural rigor, standardised checklists, and staff training become crucial compensatory measures to maintain quality without heavy capital expenditure.

Balancing safety, law, and budget requires continual adaptation. We document results, refine triage protocols, and negotiate storage and recycling partnerships that align with EU requirements, all while working within the 72-hour dockside constraint and a very limited tooling budget. Although our operation is small and constrained, these limitations have encouraged innovation: modular container designs that allow rapid swapping, simplified diagnostics that reduce time at the quay, and community partnerships for compliant disposal. Given the evolving regulatory and technological landscape, staying cautious and flexible remains the most reliable strategy for sustainable, lawful, and safe refurbishment.",What monthly amount does the passage state is allocated to the team's tooling budget?,"EUR 500|EUR 1,500|EUR 15,000|EUR 5,000","EUR 1,500",B2,recall,B1,"Changed from B2 to B1: The question is a direct information retrieval task that requires scanning the text for a specific factual detail, which is a characteristic of B1-level reading comprehension.",FLAG,none,recall,"The question asks for a specific numerical value that is stated in the text, requiring a verbatim lookup.",0,0,2,1,weak_distractors,none,pass,REJECT,REJECT -- content: accuracy below target (0 < 90); clarity below target (2 < 4); completeness below target (1 < 4); construction: weak_distractors
4b0d5f9f-4490-4470-865d-d47949e3dbcf,b2930f8d-c898-4fd1-a80b-028cc9d1c682,reading,fill_up,"I manage a small micro-factory on the portside of Rotterdam where retired Nissan Leaf and Renault Zoe battery modules are refurbished into containerized off-grid storage. My team and I receive whole packs or loose modules from local breakers, and we aim to transform them into reliable energy units for construction sites, festivals, or remote households. The work is technically demanding: modules that have completed vehicle duty often show uneven state-of-charge and varying internal resistance, so careful testing and reconditioning are essential before any repackaging is attempted.

Regulatory compliance shapes much of our daily planning because EU hazardous-waste export rules are strict and sometimes ambiguous. Batteries that cannot be restored to safe, reusable condition are classified as hazardous waste and must be documented and disposed of within the EU; exporting them for recycling outside the bloc is often prohibited or requires onerous permits. Consequently, we maintain a detailed chain-of-custody record and coordinate with certified recyclers in the Netherlands, which increases logistical complexity and occasional costs. While these regulations enhance environmental protection, they also constrain throughput and require administrative time that smaller operations like ours can scarcely spare.

Operationally, a stringent 72-hour dockside power-sharing window is another constraint that influences workflow. When we receive fresh modules at the quay, we have a limited period in which we can use shore power to perform balancing charges, capacity tests, and initial diagnostics before the modules must be moved or placed under alternative arrangements. This window forces us to prioritize which modules are tested immediately and which are triaged for later work. It also compels efficient scheduling of personnel and equipment because any delay can result in additional handling fees or missed opportunities to utilise the dock's higher-capacity supply.

Safety assessments depend heavily on thermal imaging, yet our resources are minimal: there is only one thermal camera shared among technicians. Thermal scans are indispensable for detecting hot cells, uneven heating during charge and discharge, and poor thermal contact within modules, all of which could indicate internal damage or imminent failure. With a single camera we must adopt a risk-based approach, scanning modules that show anomalous voltage or resistance first and using spot checks for lower-risk units. This method reduces immediate hazards but increases the chance of undetected faults, so we combine visual inspections, electrical tests, and conservative assembly criteria to mitigate risk.

Budgetary limits further shape decisions; our tooling budget is restricted to EUR 1,500 per month, which means we must prioritise consumables and essential fixtures over more advanced diagnostic gear. Purchases are carefully justified: precision connectors, balancers, basic cell fixtures, and protective equipment usually take precedence, while more expensive items such as automated capacity testers or an additional thermal camera must be deferred or sourced second-hand. As a result, procedural rigor, standardised checklists, and staff training become crucial compensatory measures to maintain quality without heavy capital expenditure.

Balancing safety, law, and budget requires continual adaptation. We document results, refine triage protocols, and negotiate storage and recycling partnerships that align with EU requirements, all while working within the 72-hour dockside constraint and a very limited tooling budget. Although our operation is small and constrained, these limitations have encouraged innovation: modular container designs that allow rapid swapping, simplified diagnostics that reduce time at the quay, and community partnerships for compliant disposal. Given the evolving regulatory and technological landscape, staying cautious and flexible remains the most reliable strategy for sustainable, lawful, and safe refurbishment.",The conclusion implies the operation values being ___.,,cautious,B2,inference,B2,"No change -- confirmed B2: The question requires making an inference about an abstract value based on a technical description, which moves beyond literal comprehension into higher-order reasoning.",FLAG,none,inference,"The question asks for an implication, which requires drawing an unstated conclusion from the provided text.",0,0,1,1,none,none,pass,REJECT,REJECT -- content: accuracy below target (0 < 90); clarity below target (1 < 4); completeness below target (1 < 4)
4b0d5f9f-4490-4470-865d-d47949e3dbcf,1182ce8c-be0b-4b25-9458-160ed1cc3ca5,reading,fill_up,"I manage a small micro-factory on the portside of Rotterdam where retired Nissan Leaf and Renault Zoe battery modules are refurbished into containerized off-grid storage. My team and I receive whole packs or loose modules from local breakers, and we aim to transform them into reliable energy units for construction sites, festivals, or remote households. The work is technically demanding: modules that have completed vehicle duty often show uneven state-of-charge and varying internal resistance, so careful testing and reconditioning are essential before any repackaging is attempted.

Regulatory compliance shapes much of our daily planning because EU hazardous-waste export rules are strict and sometimes ambiguous. Batteries that cannot be restored to safe, reusable condition are classified as hazardous waste and must be documented and disposed of within the EU; exporting them for recycling outside the bloc is often prohibited or requires onerous permits. Consequently, we maintain a detailed chain-of-custody record and coordinate with certified recyclers in the Netherlands, which increases logistical complexity and occasional costs. While these regulations enhance environmental protection, they also constrain throughput and require administrative time that smaller operations like ours can scarcely spare.

Operationally, a stringent 72-hour dockside power-sharing window is another constraint that influences workflow. When we receive fresh modules at the quay, we have a limited period in which we can use shore power to perform balancing charges, capacity tests, and initial diagnostics before the modules must be moved or placed under alternative arrangements. This window forces us to prioritize which modules are tested immediately and which are triaged for later work. It also compels efficient scheduling of personnel and equipment because any delay can result in additional handling fees or missed opportunities to utilise the dock's higher-capacity supply.

Safety assessments depend heavily on thermal imaging, yet our resources are minimal: there is only one thermal camera shared among technicians. Thermal scans are indispensable for detecting hot cells, uneven heating during charge and discharge, and poor thermal contact within modules, all of which could indicate internal damage or imminent failure. With a single camera we must adopt a risk-based approach, scanning modules that show anomalous voltage or resistance first and using spot checks for lower-risk units. This method reduces immediate hazards but increases the chance of undetected faults, so we combine visual inspections, electrical tests, and conservative assembly criteria to mitigate risk.

Budgetary limits further shape decisions; our tooling budget is restricted to EUR 1,500 per month, which means we must prioritise consumables and essential fixtures over more advanced diagnostic gear. Purchases are carefully justified: precision connectors, balancers, basic cell fixtures, and protective equipment usually take precedence, while more expensive items such as automated capacity testers or an additional thermal camera must be deferred or sourced second-hand. As a result, procedural rigor, standardised checklists, and staff training become crucial compensatory measures to maintain quality without heavy capital expenditure.

Balancing safety, law, and budget requires continual adaptation. We document results, refine triage protocols, and negotiate storage and recycling partnerships that align with EU requirements, all while working within the 72-hour dockside constraint and a very limited tooling budget. Although our operation is small and constrained, these limitations have encouraged innovation: modular container designs that allow rapid swapping, simplified diagnostics that reduce time at the quay, and community partnerships for compliant disposal. Given the evolving regulatory and technological landscape, staying cautious and flexible remains the most reliable strategy for sustainable, lawful, and safe refurbishment.","In this context, 'triaged' means to ___ which modules are tested immediately.",,prioritize,B2,vocabulary,C1,"Changed from B2 to C1: The question requires inferring the meaning of a specialized, high-level vocabulary word ('triaged') within a technical context.",FLAG,none,vocabulary,The question asks for the meaning of the specific word 'triaged' within the context of the passage.,80,0,1,2,none,none,pass,REJECT,REJECT -- content: accuracy below target (80 < 90); clarity below target (1 < 4); completeness below target (2 < 4)
